date,tmax_f,tmin_f,trap_id,species,count
2026-04-15,57.4,38.5,block-a-01,codling_moth,0
2026-04-15,57.4,38.5,block-a-01,oriental_fruit_moth,0
2026-04-15,57.4,38.5,block-a-02,codling_moth,0
2026-04-15,57.4,38.5,block-a-02,oriental_fruit_moth,0
2026-04-15,57.4,38.5,block-a-03,codling_moth,0
2026-04-15,57.4,38.5,block-a-03,oriental_fruit_moth,0
2026-04-15,57.4,38.5,block-a-04,codling_moth,0
2026-04-15,57.4,38.5,block-a-04,oriental_fruit_moth,0
2026-04-15,57.4,38.5,block-b-01,codling_moth,0
2026-04-15,57.4,38.5,block-b-01,oriental_fruit_moth,0
2026-04-15,57.4,38.5,block-b-02,codling_moth,0
2026-04-15,57.4,38.5,block-b-02,oriental_fruit_moth,0
2026-04-15,57.4,38.5,block-b-03,codling_moth,0
2026-04-15,57.4,38.5,block-b-03,oriental_fruit_moth,0
2026-04-15,57.4,38.5,block-b-04,codling_moth,0
2026-04-15,57.4,38.5,block-b-04,oriental_fruit_moth,0
2026-04-15,57.4,38.5,block-c-01,codling_moth,0
2026-04-15,57.4,38.5,block-c-01,oriental_fruit_moth,0
2026-04-15,57.4,38.5,block-c-02,codling_moth,0
2026-04-15,57.4,38.5,block-c-02,oriental_fruit_moth,0
2026-04-15,57.4,38.5,block-c-03,codling_moth,0
2026-04-15,57.4,38.5,block-c-03,oriental_fruit_moth,0
2026-04-15,57.4,38.5,block-c-04,codling_moth,1
2026-04-15,57.4,38.5,block-c-04,oriental_fruit_moth,0
2026-04-15,57.4,38.5,block-d-01,codling_moth,0
2026-04-15,57.4,38.5,block-d-01,oriental_fruit_moth,0
2026-04-15,57.4,38.5,block-d-02,codling_moth,0
2026-04-15,57.4,38.5,block-d-02,oriental_fruit_moth,0
2026-04-15,57.4,38.5,block-d-03,codling_moth,0
2026-04-15,57.4,38.5,block-d-03,oriental_fruit_moth,0
2026-04-15,57.4,38.5,block-d-04,codling_moth,0
2026-04-15,57.4,38.5,block-d-04,oriental_fruit_moth,0
2026-04-15,57.4,38.5,block-e-01,codling_moth,0
2026-04-15,57.4,38.5,block-e-01,oriental_fruit_moth,0
2026-04-15,57.4,38.5,block-e-02,codling_moth,0
2026-04-15,57.4,38.5,block-e-02,oriental_fruit_moth,0
2026-04-15,57.4,38.5,block-e-03,codling_moth,0
2026-04-15,57.4,38.5,block-e-03,oriental_fruit_moth,0
2026-04-15,57.4,38.5,block-e-04,codling_moth,0
2026-04-15,57.4,38.5,block-e-04,oriental_fruit_moth,0
2026-04-16,53.1,35.5,block-a-01,codling_moth,0
2026-04-16,53.1,35.5,block-a-01,oriental_fruit_moth,0
2026-04-16,53.1,35.5,block-a-02,codling_moth,0
2026-04-16,53.1,35.5,block-a-02,oriental_fruit_moth,0
2026-04-16,53.1,35.5,block-a-03,codling_moth,0
2026-04-16,53.1,35.5,block-a-03,oriental_fruit_moth,0
2026-04-16,53.1,35.5,block-a-04,codling_moth,0
2026-04-16,53.1,35.5,block-a-04,oriental_fruit_moth,0
2026-04-16,53.1,35.5,block-b-01,codling_moth,0
2026-04-16,53.1,35.5,block-b-01,oriental_fruit_moth,0
2026-04-16,53.1,35.5,block-b-02,codling_moth,0
2026-04-16,53.1,35.5,block-b-02,oriental_fruit_moth,0
2026-04-16,53.1,35.5,block-b-03,codling_moth,0
2026-04-16,53.1,35.5,block-b-03,oriental_fruit_moth,0
2026-04-16,53.1,35.5,block-b-04,codling_moth,0
2026-04-16,53.1,35.5,block-b-04,oriental_fruit_moth,0
2026-04-16,53.1,35.5,block-c-01,codling_moth,0
2026-04-16,53.1,35.5,block-c-01,oriental_fruit_moth,0
2026-04-16,53.1,35.5,block-c-02,codling_moth,0
2026-04-16,53.1,35.5,block-c-02,oriental_fruit_moth,0
2026-04-16,53.1,35.5,block-c-03,codling_moth,0
2026-04-16,53.1,35.5,block-c-03,oriental_fruit_moth,0
2026-04-16,53.1,35.5,block-c-04,codling_moth,0
2026-04-16,53.1,35.5,block-c-04,oriental_fruit_moth,0
2026-04-16,53.1,35.5,block-d-01,codling_moth,0
2026-04-16,53.1,35.5,block-d-01,oriental_fruit_moth,0
2026-04-16,53.1,35.5,block-d-02,codling_moth,0
2026-04-16,53.1,35.5,block-d-02,oriental_fruit_moth,0
2026-04-16,53.1,35.5,block-d-03,codling_moth,0
2026-04-16,53.1,35.5,block-d-03,oriental_fruit_moth,0
2026-04-16,53.1,35.5,block-d-04,codling_moth,0
2026-04-16,53.1,35.5,block-d-04,oriental_fruit_moth,0
2026-04-16,53.1,35.5,block-e-01,codling_moth,0
2026-04-16,53.1,35.5,block-e-01,oriental_fruit_moth,0
2026-04-16,53.1,35.5,block-e-02,codling_moth,0
2026-04-16,53.1,35.5,block-e-02,oriental_fruit_moth,0
2026-04-16,53.1,35.5,block-e-03,codling_moth,0
2026-04-16,53.1,35.5,block-e-03,oriental_fruit_moth,0
2026-04-16,53.1,35.5,block-e-04,codling_moth,0
2026-04-16,53.1,35.5,block-e-04,oriental_fruit_moth,0
2026-04-17,56.7,37.7,block-a-01,codling_moth,0
2026-04-17,56.7,37.7,block-a-01,oriental_fruit_moth,0
2026-04-17,56.7,37.7,block-a-02,codling_moth,0
2026-04-17,56.7,37.7,block-a-02,oriental_fruit_moth,0
2026-04-17,56.7,37.7,block-a-03,codling_moth,0
2026-04-17,56.7,37.7,block-a-03,oriental_fruit_moth,0
2026-04-17,56.7,37.7,block-a-04,codling_moth,0
2026-04-17,56.7,37.7,block-a-04,oriental_fruit_moth,0
2026-04-17,56.7,37.7,block-b-01,codling_moth,0
2026-04-17,56.7,37.7,block-b-01,oriental_fruit_moth,0
2026-04-17,56.7,37.7,block-b-02,codling_moth,0
2026-04-17,56.7,37.7,block-b-02,oriental_fruit_moth,0
2026-04-17,56.7,37.7,block-b-03,codling_moth,0
2026-04-17,56.7,37.7,block-b-03,oriental_fruit_moth,0
2026-04-17,56.7,37.7,block-b-04,codling_moth,0
2026-04-17,56.7,37.7,block-b-04,oriental_fruit_moth,0
2026-04-17,56.7,37.7,block-c-01,codling_moth,0
2026-04-17,56.7,37.7,block-c-01,oriental_fruit_moth,0
2026-04-17,56.7,37.7,block-c-02,codling_moth,0
2026-04-17,56.7,37.7,block-c-02,oriental_fruit_moth,0
2026-04-17,56.7,37.7,block-c-03,codling_moth,0
2026-04-17,56.7,37.7,block-c-03,oriental_fruit_moth,0
2026-04-17,56.7,37.7,block-c-04,codling_moth,0
2026-04-17,56.7,37.7,block-c-04,oriental_fruit_moth,0
2026-04-17,56.7,37.7,block-d-01,codling_moth,0
2026-04-17,56.7,37.7,block-d-01,oriental_fruit_moth,0
2026-04-17,56.7,37.7,block-d-02,codling_moth,0
2026-04-17,56.7,37.7,block-d-02,oriental_fruit_moth,0
2026-04-17,56.7,37.7,block-d-03,codling_moth,0
2026-04-17,56.7,37.7,block-d-03,oriental_fruit_moth,0
2026-04-17,56.7,37.7,block-d-04,codling_moth,0
2026-04-17,56.7,37.7,block-d-04,oriental_fruit_moth,0
2026-04-17,56.7,37.7,block-e-01,codling_moth,0
2026-04-17,56.7,37.7,block-e-01,oriental_fruit_moth,0
2026-04-17,56.7,37.7,block-e-02,codling_moth,0
2026-04-17,56.7,37.7,block-e-02,oriental_fruit_moth,0
2026-04-17,56.7,37.7,block-e-03,codling_moth,0
2026-04-17,56.7,37.7,block-e-03,oriental_fruit_moth,0
2026-04-17,56.7,37.7,block-e-04,codling_moth,0
2026-04-17,56.7,37.7,block-e-04,oriental_fruit_moth,0
2026-04-18,50.2,31.8,block-a-01,codling_moth,0
2026-04-18,50.2,31.8,block-a-01,oriental_fruit_moth,0
2026-04-18,50.2,31.8,block-a-02,codling_moth,0
2026-04-18,50.2,31.8,block-a-02,oriental_fruit_moth,0
2026-04-18,50.2,31.8,block-a-03,codling_moth,0
2026-04-18,50.2,31.8,block-a-03,oriental_fruit_moth,0
2026-04-18,50.2,31.8,block-a-04,codling_moth,0
2026-04-18,50.2,31.8,block-a-04,oriental_fruit_moth,0
2026-04-18,50.2,31.8,block-b-01,codling_moth,0
2026-04-18,50.2,31.8,block-b-01,oriental_fruit_moth,0
2026-04-18,50.2,31.8,block-b-02,codling_moth,0
2026-04-18,50.2,31.8,block-b-02,oriental_fruit_moth,0
2026-04-18,50.2,31.8,block-b-03,codling_moth,0
2026-04-18,50.2,31.8,block-b-03,oriental_fruit_moth,0
2026-04-18,50.2,31.8,block-b-04,codling_moth,0
2026-04-18,50.2,31.8,block-b-04,oriental_fruit_moth,0
2026-04-18,50.2,31.8,block-c-01,codling_moth,0
2026-04-18,50.2,31.8,block-c-01,oriental_fruit_moth,0
2026-04-18,50.2,31.8,block-c-02,codling_moth,0
2026-04-18,50.2,31.8,block-c-02,oriental_fruit_moth,0
2026-04-18,50.2,31.8,block-c-03,codling_moth,0
2026-04-18,50.2,31.8,block-c-03,oriental_fruit_moth,0
2026-04-18,50.2,31.8,block-c-04,codling_moth,0
2026-04-18,50.2,31.8,block-c-04,oriental_fruit_moth,0
2026-04-18,50.2,31.8,block-d-01,codling_moth,0
2026-04-18,50.2,31.8,block-d-01,oriental_fruit_moth,0
2026-04-18,50.2,31.8,block-d-02,codling_moth,0
2026-04-18,50.2,31.8,block-d-02,oriental_fruit_moth,0
2026-04-18,50.2,31.8,block-d-03,codling_moth,0
2026-04-18,50.2,31.8,block-d-03,oriental_fruit_moth,0
2026-04-18,50.2,31.8,block-d-04,codling_moth,0
2026-04-18,50.2,31.8,block-d-04,oriental_fruit_moth,0
2026-04-18,50.2,31.8,block-e-01,codling_moth,0
2026-04-18,50.2,31.8,block-e-01,oriental_fruit_moth,0
2026-04-18,50.2,31.8,block-e-02,codling_moth,0
2026-04-18,50.2,31.8,block-e-02,oriental_fruit_moth,0
2026-04-18,50.2,31.8,block-e-03,codling_moth,0
2026-04-18,50.2,31.8,block-e-03,oriental_fruit_moth,0
2026-04-18,50.2,31.8,block-e-04,codling_moth,0
2026-04-18,50.2,31.8,block-e-04,oriental_fruit_moth,0
2026-04-19,55.9,35.9,block-a-01,codling_moth,0
2026-04-19,55.9,35.9,block-a-01,oriental_fruit_moth,0
2026-04-19,55.9,35.9,block-a-02,codling_moth,0
2026-04-19,55.9,35.9,block-a-02,oriental_fruit_moth,0
2026-04-19,55.9,35.9,block-a-03,codling_moth,0
2026-04-19,55.9,35.9,block-a-03,oriental_fruit_moth,0
2026-04-19,55.9,35.9,block-a-04,codling_moth,0
2026-04-19,55.9,35.9,block-a-04,oriental_fruit_moth,0
2026-04-19,55.9,35.9,block-b-01,codling_moth,0
2026-04-19,55.9,35.9,block-b-01,oriental_fruit_moth,0
2026-04-19,55.9,35.9,block-b-02,codling_moth,0
2026-04-19,55.9,35.9,block-b-02,oriental_fruit_moth,0
2026-04-19,55.9,35.9,block-b-03,codling_moth,0
2026-04-19,55.9,35.9,block-b-03,oriental_fruit_moth,0
2026-04-19,55.9,35.9,block-b-04,codling_moth,0
2026-04-19,55.9,35.9,block-b-04,oriental_fruit_moth,0
2026-04-19,55.9,35.9,block-c-01,codling_moth,0
2026-04-19,55.9,35.9,block-c-01,oriental_fruit_moth,0
2026-04-19,55.9,35.9,block-c-02,codling_moth,0
2026-04-19,55.9,35.9,block-c-02,oriental_fruit_moth,0
2026-04-19,55.9,35.9,block-c-03,codling_moth,0
2026-04-19,55.9,35.9,block-c-03,oriental_fruit_moth,0
2026-04-19,55.9,35.9,block-c-04,codling_moth,0
2026-04-19,55.9,35.9,block-c-04,oriental_fruit_moth,0
2026-04-19,55.9,35.9,block-d-01,codling_moth,0
2026-04-19,55.9,35.9,block-d-01,oriental_fruit_moth,0
2026-04-19,55.9,35.9,block-d-02,codling_moth,0
2026-04-19,55.9,35.9,block-d-02,oriental_fruit_moth,0
2026-04-19,55.9,35.9,block-d-03,codling_moth,0
2026-04-19,55.9,35.9,block-d-03,oriental_fruit_moth,0
2026-04-19,55.9,35.9,block-d-04,codling_moth,0
2026-04-19,55.9,35.9,block-d-04,oriental_fruit_moth,0
2026-04-19,55.9,35.9,block-e-01,codling_moth,0
2026-04-19,55.9,35.9,block-e-01,oriental_fruit_moth,0
2026-04-19,55.9,35.9,block-e-02,codling_moth,0
2026-04-19,55.9,35.9,block-e-02,oriental_fruit_moth,0
2026-04-19,55.9,35.9,block-e-03,codling_moth,0
2026-04-19,55.9,35.9,block-e-03,oriental_fruit_moth,0
2026-04-19,55.9,35.9,block-e-04,codling_moth,0
2026-04-19,55.9,35.9,block-e-04,oriental_fruit_moth,0
2026-04-20,52.9,31.3,block-a-01,codling_moth,0
2026-04-20,52.9,31.3,block-a-01,oriental_fruit_moth,0
2026-04-20,52.9,31.3,block-a-02,codling_moth,0
2026-04-20,52.9,31.3,block-a-02,oriental_fruit_moth,0
2026-04-20,52.9,31.3,block-a-03,codling_moth,0
2026-04-20,52.9,31.3,block-a-03,oriental_fruit_moth,0
2026-04-20,52.9,31.3,block-a-04,codling_moth,0
2026-04-20,52.9,31.3,block-a-04,oriental_fruit_moth,0
2026-04-20,52.9,31.3,block-b-01,codling_moth,0
2026-04-20,52.9,31.3,block-b-01,oriental_fruit_moth,1
2026-04-20,52.9,31.3,block-b-02,codling_moth,0
2026-04-20,52.9,31.3,block-b-02,oriental_fruit_moth,0
2026-04-20,52.9,31.3,block-b-03,codling_moth,0
2026-04-20,52.9,31.3,block-b-03,oriental_fruit_moth,0
2026-04-20,52.9,31.3,block-b-04,codling_moth,0
2026-04-20,52.9,31.3,block-b-04,oriental_fruit_moth,0
2026-04-20,52.9,31.3,block-c-01,codling_moth,0
2026-04-20,52.9,31.3,block-c-01,oriental_fruit_moth,0
2026-04-20,52.9,31.3,block-c-02,codling_moth,0
2026-04-20,52.9,31.3,block-c-02,oriental_fruit_moth,0
2026-04-20,52.9,31.3,block-c-03,codling_moth,0
2026-04-20,52.9,31.3,block-c-03,oriental_fruit_moth,0
2026-04-20,52.9,31.3,block-c-04,codling_moth,0
2026-04-20,52.9,31.3,block-c-04,oriental_fruit_moth,0
2026-04-20,52.9,31.3,block-d-01,codling_moth,0
2026-04-20,52.9,31.3,block-d-01,oriental_fruit_moth,0
2026-04-20,52.9,31.3,block-d-02,codling_moth,0
2026-04-20,52.9,31.3,block-d-02,oriental_fruit_moth,0
2026-04-20,52.9,31.3,block-d-03,codling_moth,0
2026-04-20,52.9,31.3,block-d-03,oriental_fruit_moth,0
2026-04-20,52.9,31.3,block-d-04,codling_moth,0
2026-04-20,52.9,31.3,block-d-04,oriental_fruit_moth,0
2026-04-20,52.9,31.3,block-e-01,codling_moth,0
2026-04-20,52.9,31.3,block-e-01,oriental_fruit_moth,0
2026-04-20,52.9,31.3,block-e-02,codling_moth,0
2026-04-20,52.9,31.3,block-e-02,oriental_fruit_moth,0
2026-04-20,52.9,31.3,block-e-03,codling_moth,0
2026-04-20,52.9,31.3,block-e-03,oriental_fruit_moth,0
2026-04-20,52.9,31.3,block-e-04,codling_moth,0
2026-04-20,52.9,31.3,block-e-04,oriental_fruit_moth,0
2026-04-21,52.3,34.0,block-a-01,codling_moth,0
2026-04-21,52.3,34.0,block-a-01,oriental_fruit_moth,0
2026-04-21,52.3,34.0,block-a-02,codling_moth,0
2026-04-21,52.3,34.0,block-a-02,oriental_fruit_moth,0
2026-04-21,52.3,34.0,block-a-03,codling_moth,0
2026-04-21,52.3,34.0,block-a-03,oriental_fruit_moth,0
2026-04-21,52.3,34.0,block-a-04,codling_moth,0
2026-04-21,52.3,34.0,block-a-04,oriental_fruit_moth,0
2026-04-21,52.3,34.0,block-b-01,codling_moth,0
2026-04-21,52.3,34.0,block-b-01,oriental_fruit_moth,0
2026-04-21,52.3,34.0,block-b-02,codling_moth,0
2026-04-21,52.3,34.0,block-b-02,oriental_fruit_moth,0
2026-04-21,52.3,34.0,block-b-03,codling_moth,0
2026-04-21,52.3,34.0,block-b-03,oriental_fruit_moth,0
2026-04-21,52.3,34.0,block-b-04,codling_moth,0
2026-04-21,52.3,34.0,block-b-04,oriental_fruit_moth,0
2026-04-21,52.3,34.0,block-c-01,codling_moth,0
2026-04-21,52.3,34.0,block-c-01,oriental_fruit_moth,0
2026-04-21,52.3,34.0,block-c-02,codling_moth,0
2026-04-21,52.3,34.0,block-c-02,oriental_fruit_moth,0
2026-04-21,52.3,34.0,block-c-03,codling_moth,0
2026-04-21,52.3,34.0,block-c-03,oriental_fruit_moth,0
2026-04-21,52.3,34.0,block-c-04,codling_moth,0
2026-04-21,52.3,34.0,block-c-04,oriental_fruit_moth,0
2026-04-21,52.3,34.0,block-d-01,codling_moth,0
2026-04-21,52.3,34.0,block-d-01,oriental_fruit_moth,0
2026-04-21,52.3,34.0,block-d-02,codling_moth,0
2026-04-21,52.3,34.0,block-d-02,oriental_fruit_moth,0
2026-04-21,52.3,34.0,block-d-03,codling_moth,0
2026-04-21,52.3,34.0,block-d-03,oriental_fruit_moth,1
2026-04-21,52.3,34.0,block-d-04,codling_moth,0
2026-04-21,52.3,34.0,block-d-04,oriental_fruit_moth,0
2026-04-21,52.3,34.0,block-e-01,codling_moth,0
2026-04-21,52.3,34.0,block-e-01,oriental_fruit_moth,0
2026-04-21,52.3,34.0,block-e-02,codling_moth,0
2026-04-21,52.3,34.0,block-e-02,oriental_fruit_moth,0
2026-04-21,52.3,34.0,block-e-03,codling_moth,1
2026-04-21,52.3,34.0,block-e-03,oriental_fruit_moth,0
2026-04-21,52.3,34.0,block-e-04,codling_moth,0
2026-04-21,52.3,34.0,block-e-04,oriental_fruit_moth,0
2026-04-22,53.8,36.5,block-a-01,codling_moth,0
2026-04-22,53.8,36.5,block-a-01,oriental_fruit_moth,0
2026-04-22,53.8,36.5,block-a-02,codling_moth,0
2026-04-22,53.8,36.5,block-a-02,oriental_fruit_moth,0
2026-04-22,53.8,36.5,block-a-03,codling_moth,0
2026-04-22,53.8,36.5,block-a-03,oriental_fruit_moth,0
2026-04-22,53.8,36.5,block-a-04,codling_moth,0
2026-04-22,53.8,36.5,block-a-04,oriental_fruit_moth,0
2026-04-22,53.8,36.5,block-b-01,codling_moth,0
2026-04-22,53.8,36.5,block-b-01,oriental_fruit_moth,0
2026-04-22,53.8,36.5,block-b-02,codling_moth,0
2026-04-22,53.8,36.5,block-b-02,oriental_fruit_moth,0
2026-04-22,53.8,36.5,block-b-03,codling_moth,0
2026-04-22,53.8,36.5,block-b-03,oriental_fruit_moth,0
2026-04-22,53.8,36.5,block-b-04,codling_moth,0
2026-04-22,53.8,36.5,block-b-04,oriental_fruit_moth,0
2026-04-22,53.8,36.5,block-c-01,codling_moth,0
2026-04-22,53.8,36.5,block-c-01,oriental_fruit_moth,0
2026-04-22,53.8,36.5,block-c-02,codling_moth,0
2026-04-22,53.8,36.5,block-c-02,oriental_fruit_moth,0
2026-04-22,53.8,36.5,block-c-03,codling_moth,0
2026-04-22,53.8,36.5,block-c-03,oriental_fruit_moth,1
2026-04-22,53.8,36.5,block-c-04,codling_moth,0
2026-04-22,53.8,36.5,block-c-04,oriental_fruit_moth,0
2026-04-22,53.8,36.5,block-d-01,codling_moth,0
2026-04-22,53.8,36.5,block-d-01,oriental_fruit_moth,0
2026-04-22,53.8,36.5,block-d-02,codling_moth,0
2026-04-22,53.8,36.5,block-d-02,oriental_fruit_moth,0
2026-04-22,53.8,36.5,block-d-03,codling_moth,0
2026-04-22,53.8,36.5,block-d-03,oriental_fruit_moth,0
2026-04-22,53.8,36.5,block-d-04,codling_moth,0
2026-04-22,53.8,36.5,block-d-04,oriental_fruit_moth,0
2026-04-22,53.8,36.5,block-e-01,codling_moth,0
2026-04-22,53.8,36.5,block-e-01,oriental_fruit_moth,0
2026-04-22,53.8,36.5,block-e-02,codling_moth,0
2026-04-22,53.8,36.5,block-e-02,oriental_fruit_moth,0
2026-04-22,53.8,36.5,block-e-03,codling_moth,0
2026-04-22,53.8,36.5,block-e-03,oriental_fruit_moth,0
2026-04-22,53.8,36.5,block-e-04,codling_moth,0
2026-04-22,53.8,36.5,block-e-04,oriental_fruit_moth,0
2026-04-23,58.8,39.5,block-a-01,codling_moth,0
2026-04-23,58.8,39.5,block-a-01,oriental_fruit_moth,1
2026-04-23,58.8,39.5,block-a-02,codling_moth,0
2026-04-23,58.8,39.5,block-a-02,oriental_fruit_moth,0
2026-04-23,58.8,39.5,block-a-03,codling_moth,0
2026-04-23,58.8,39.5,block-a-03,oriental_fruit_moth,0
2026-04-23,58.8,39.5,block-a-04,codling_moth,0
2026-04-23,58.8,39.5,block-a-04,oriental_fruit_moth,0
2026-04-23,58.8,39.5,block-b-01,codling_moth,0
2026-04-23,58.8,39.5,block-b-01,oriental_fruit_moth,2
2026-04-23,58.8,39.5,block-b-02,codling_moth,0
2026-04-23,58.8,39.5,block-b-02,oriental_fruit_moth,0
2026-04-23,58.8,39.5,block-b-03,codling_moth,0
2026-04-23,58.8,39.5,block-b-03,oriental_fruit_moth,0
2026-04-23,58.8,39.5,block-b-04,codling_moth,0
2026-04-23,58.8,39.5,block-b-04,oriental_fruit_moth,0
2026-04-23,58.8,39.5,block-c-01,codling_moth,0
2026-04-23,58.8,39.5,block-c-01,oriental_fruit_moth,0
2026-04-23,58.8,39.5,block-c-02,codling_moth,0
2026-04-23,58.8,39.5,block-c-02,oriental_fruit_moth,0
2026-04-23,58.8,39.5,block-c-03,codling_moth,0
2026-04-23,58.8,39.5,block-c-03,oriental_fruit_moth,0
2026-04-23,58.8,39.5,block-c-04,codling_moth,0
2026-04-23,58.8,39.5,block-c-04,oriental_fruit_moth,0
2026-04-23,58.8,39.5,block-d-01,codling_moth,0
2026-04-23,58.8,39.5,block-d-01,oriental_fruit_moth,1
2026-04-23,58.8,39.5,block-d-02,codling_moth,0
2026-04-23,58.8,39.5,block-d-02,oriental_fruit_moth,0
2026-04-23,58.8,39.5,block-d-03,codling_moth,0
2026-04-23,58.8,39.5,block-d-03,oriental_fruit_moth,0
2026-04-23,58.8,39.5,block-d-04,codling_moth,0
2026-04-23,58.8,39.5,block-d-04,oriental_fruit_moth,0
2026-04-23,58.8,39.5,block-e-01,codling_moth,0
2026-04-23,58.8,39.5,block-e-01,oriental_fruit_moth,0
2026-04-23,58.8,39.5,block-e-02,codling_moth,0
2026-04-23,58.8,39.5,block-e-02,oriental_fruit_moth,0
2026-04-23,58.8,39.5,block-e-03,codling_moth,0
2026-04-23,58.8,39.5,block-e-03,oriental_fruit_moth,0
2026-04-23,58.8,39.5,block-e-04,codling_moth,0
2026-04-23,58.8,39.5,block-e-04,oriental_fruit_moth,0
2026-04-24,62.9,42.2,block-a-01,codling_moth,0
2026-04-24,62.9,42.2,block-a-01,oriental_fruit_moth,0
2026-04-24,62.9,42.2,block-a-02,codling_moth,0
2026-04-24,62.9,42.2,block-a-02,oriental_fruit_moth,0
2026-04-24,62.9,42.2,block-a-03,codling_moth,0
2026-04-24,62.9,42.2,block-a-03,oriental_fruit_moth,0
2026-04-24,62.9,42.2,block-a-04,codling_moth,0
2026-04-24,62.9,42.2,block-a-04,oriental_fruit_moth,0
2026-04-24,62.9,42.2,block-b-01,codling_moth,0
2026-04-24,62.9,42.2,block-b-01,oriental_fruit_moth,0
2026-04-24,62.9,42.2,block-b-02,codling_moth,0
2026-04-24,62.9,42.2,block-b-02,oriental_fruit_moth,0
2026-04-24,62.9,42.2,block-b-03,codling_moth,0
2026-04-24,62.9,42.2,block-b-03,oriental_fruit_moth,0
2026-04-24,62.9,42.2,block-b-04,codling_moth,0
2026-04-24,62.9,42.2,block-b-04,oriental_fruit_moth,0
2026-04-24,62.9,42.2,block-c-01,codling_moth,0
2026-04-24,62.9,42.2,block-c-01,oriental_fruit_moth,0
2026-04-24,62.9,42.2,block-c-02,codling_moth,0
2026-04-24,62.9,42.2,block-c-02,oriental_fruit_moth,0
2026-04-24,62.9,42.2,block-c-03,codling_moth,0
2026-04-24,62.9,42.2,block-c-03,oriental_fruit_moth,0
2026-04-24,62.9,42.2,block-c-04,codling_moth,0
2026-04-24,62.9,42.2,block-c-04,oriental_fruit_moth,0
2026-04-24,62.9,42.2,block-d-01,codling_moth,0
2026-04-24,62.9,42.2,block-d-01,oriental_fruit_moth,0
2026-04-24,62.9,42.2,block-d-02,codling_moth,0
2026-04-24,62.9,42.2,block-d-02,oriental_fruit_moth,0
2026-04-24,62.9,42.2,block-d-03,codling_moth,0
2026-04-24,62.9,42.2,block-d-03,oriental_fruit_moth,0
2026-04-24,62.9,42.2,block-d-04,codling_moth,0
2026-04-24,62.9,42.2,block-d-04,oriental_fruit_moth,0
2026-04-24,62.9,42.2,block-e-01,codling_moth,0
2026-04-24,62.9,42.2,block-e-01,oriental_fruit_moth,1
2026-04-24,62.9,42.2,block-e-02,codling_moth,0
2026-04-24,62.9,42.2,block-e-02,oriental_fruit_moth,0
2026-04-24,62.9,42.2,block-e-03,codling_moth,0
2026-04-24,62.9,42.2,block-e-03,oriental_fruit_moth,0
2026-04-24,62.9,42.2,block-e-04,codling_moth,0
2026-04-24,62.9,42.2,block-e-04,oriental_fruit_moth,0
2026-04-25,61.4,41.3,block-a-01,codling_moth,0
2026-04-25,61.4,41.3,block-a-01,oriental_fruit_moth,0
2026-04-25,61.4,41.3,block-a-02,codling_moth,0
2026-04-25,61.4,41.3,block-a-02,oriental_fruit_moth,0
2026-04-25,61.4,41.3,block-a-03,codling_moth,0
2026-04-25,61.4,41.3,block-a-03,oriental_fruit_moth,0
2026-04-25,61.4,41.3,block-a-04,codling_moth,0
2026-04-25,61.4,41.3,block-a-04,oriental_fruit_moth,0
2026-04-25,61.4,41.3,block-b-01,codling_moth,0
2026-04-25,61.4,41.3,block-b-01,oriental_fruit_moth,0
2026-04-25,61.4,41.3,block-b-02,codling_moth,0
2026-04-25,61.4,41.3,block-b-02,oriental_fruit_moth,0
2026-04-25,61.4,41.3,block-b-03,codling_moth,0
2026-04-25,61.4,41.3,block-b-03,oriental_fruit_moth,0
2026-04-25,61.4,41.3,block-b-04,codling_moth,0
2026-04-25,61.4,41.3,block-b-04,oriental_fruit_moth,0
2026-04-25,61.4,41.3,block-c-01,codling_moth,0
2026-04-25,61.4,41.3,block-c-01,oriental_fruit_moth,0
2026-04-25,61.4,41.3,block-c-02,codling_moth,0
2026-04-25,61.4,41.3,block-c-02,oriental_fruit_moth,0
2026-04-25,61.4,41.3,block-c-03,codling_moth,0
2026-04-25,61.4,41.3,block-c-03,oriental_fruit_moth,0
2026-04-25,61.4,41.3,block-c-04,codling_moth,0
2026-04-25,61.4,41.3,block-c-04,oriental_fruit_moth,0
2026-04-25,61.4,41.3,block-d-01,codling_moth,0
2026-04-25,61.4,41.3,block-d-01,oriental_fruit_moth,0
2026-04-25,61.4,41.3,block-d-02,codling_moth,0
2026-04-25,61.4,41.3,block-d-02,oriental_fruit_moth,0
2026-04-25,61.4,41.3,block-d-03,codling_moth,0
2026-04-25,61.4,41.3,block-d-03,oriental_fruit_moth,0
2026-04-25,61.4,41.3,block-d-04,codling_moth,0
2026-04-25,61.4,41.3,block-d-04,oriental_fruit_moth,0
2026-04-25,61.4,41.3,block-e-01,codling_moth,0
2026-04-25,61.4,41.3,block-e-01,oriental_fruit_moth,0
2026-04-25,61.4,41.3,block-e-02,codling_moth,0
2026-04-25,61.4,41.3,block-e-02,oriental_fruit_moth,0
2026-04-25,61.4,41.3,block-e-03,codling_moth,0
2026-04-25,61.4,41.3,block-e-03,oriental_fruit_moth,0
2026-04-25,61.4,41.3,block-e-04,codling_moth,0
2026-04-25,61.4,41.3,block-e-04,oriental_fruit_moth,0
2026-04-26,58.1,41.1,block-a-01,codling_moth,0
2026-04-26,58.1,41.1,block-a-01,oriental_fruit_moth,0
2026-04-26,58.1,41.1,block-a-02,codling_moth,0
2026-04-26,58.1,41.1,block-a-02,oriental_fruit_moth,0
2026-04-26,58.1,41.1,block-a-03,codling_moth,0
2026-04-26,58.1,41.1,block-a-03,oriental_fruit_moth,0
2026-04-26,58.1,41.1,block-a-04,codling_moth,0
2026-04-26,58.1,41.1,block-a-04,oriental_fruit_moth,0
2026-04-26,58.1,41.1,block-b-01,codling_moth,0
2026-04-26,58.1,41.1,block-b-01,oriental_fruit_moth,0
2026-04-26,58.1,41.1,block-b-02,codling_moth,2
2026-04-26,58.1,41.1,block-b-02,oriental_fruit_moth,0
2026-04-26,58.1,41.1,block-b-03,codling_moth,0
2026-04-26,58.1,41.1,block-b-03,oriental_fruit_moth,0
2026-04-26,58.1,41.1,block-b-04,codling_moth,0
2026-04-26,58.1,41.1,block-b-04,oriental_fruit_moth,0
2026-04-26,58.1,41.1,block-c-01,codling_moth,0
2026-04-26,58.1,41.1,block-c-01,oriental_fruit_moth,0
2026-04-26,58.1,41.1,block-c-02,codling_moth,0
2026-04-26,58.1,41.1,block-c-02,oriental_fruit_moth,0
2026-04-26,58.1,41.1,block-c-03,codling_moth,0
2026-04-26,58.1,41.1,block-c-03,oriental_fruit_moth,0
2026-04-26,58.1,41.1,block-c-04,codling_moth,0
2026-04-26,58.1,41.1,block-c-04,oriental_fruit_moth,0
2026-04-26,58.1,41.1,block-d-01,codling_moth,0
2026-04-26,58.1,41.1,block-d-01,oriental_fruit_moth,0
2026-04-26,58.1,41.1,block-d-02,codling_moth,0
2026-04-26,58.1,41.1,block-d-02,oriental_fruit_moth,0
2026-04-26,58.1,41.1,block-d-03,codling_moth,0
2026-04-26,58.1,41.1,block-d-03,oriental_fruit_moth,0
2026-04-26,58.1,41.1,block-d-04,codling_moth,0
2026-04-26,58.1,41.1,block-d-04,oriental_fruit_moth,0
2026-04-26,58.1,41.1,block-e-01,codling_moth,0
2026-04-26,58.1,41.1,block-e-01,oriental_fruit_moth,0
2026-04-26,58.1,41.1,block-e-02,codling_moth,0
2026-04-26,58.1,41.1,block-e-02,oriental_fruit_moth,0
2026-04-26,58.1,41.1,block-e-03,codling_moth,0
2026-04-26,58.1,41.1,block-e-03,oriental_fruit_moth,0
2026-04-26,58.1,41.1,block-e-04,codling_moth,0
2026-04-26,58.1,41.1,block-e-04,oriental_fruit_moth,0
2026-04-27,57.5,39.6,block-a-01,codling_moth,0
2026-04-27,57.5,39.6,block-a-01,oriental_fruit_moth,0
2026-04-27,57.5,39.6,block-a-02,codling_moth,1
2026-04-27,57.5,39.6,block-a-02,oriental_fruit_moth,0
2026-04-27,57.5,39.6,block-a-03,codling_moth,0
2026-04-27,57.5,39.6,block-a-03,oriental_fruit_moth,0
2026-04-27,57.5,39.6,block-a-04,codling_moth,0
2026-04-27,57.5,39.6,block-a-04,oriental_fruit_moth,0
2026-04-27,57.5,39.6,block-b-01,codling_moth,0
2026-04-27,57.5,39.6,block-b-01,oriental_fruit_moth,0
2026-04-27,57.5,39.6,block-b-02,codling_moth,0
2026-04-27,57.5,39.6,block-b-02,oriental_fruit_moth,0
2026-04-27,57.5,39.6,block-b-03,codling_moth,0
2026-04-27,57.5,39.6,block-b-03,oriental_fruit_moth,0
2026-04-27,57.5,39.6,block-b-04,codling_moth,0
2026-04-27,57.5,39.6,block-b-04,oriental_fruit_moth,0
2026-04-27,57.5,39.6,block-c-01,codling_moth,0
2026-04-27,57.5,39.6,block-c-01,oriental_fruit_moth,0
2026-04-27,57.5,39.6,block-c-02,codling_moth,0
2026-04-27,57.5,39.6,block-c-02,oriental_fruit_moth,0
2026-04-27,57.5,39.6,block-c-03,codling_moth,0
2026-04-27,57.5,39.6,block-c-03,oriental_fruit_moth,0
2026-04-27,57.5,39.6,block-c-04,codling_moth,0
2026-04-27,57.5,39.6,block-c-04,oriental_fruit_moth,0
2026-04-27,57.5,39.6,block-d-01,codling_moth,1
2026-04-27,57.5,39.6,block-d-01,oriental_fruit_moth,0
2026-04-27,57.5,39.6,block-d-02,codling_moth,0
2026-04-27,57.5,39.6,block-d-02,oriental_fruit_moth,0
2026-04-27,57.5,39.6,block-d-03,codling_moth,0
2026-04-27,57.5,39.6,block-d-03,oriental_fruit_moth,1
2026-04-27,57.5,39.6,block-d-04,codling_moth,0
2026-04-27,57.5,39.6,block-d-04,oriental_fruit_moth,0
2026-04-27,57.5,39.6,block-e-01,codling_moth,0
2026-04-27,57.5,39.6,block-e-01,oriental_fruit_moth,0
2026-04-27,57.5,39.6,block-e-02,codling_moth,0
2026-04-27,57.5,39.6,block-e-02,oriental_fruit_moth,0
2026-04-27,57.5,39.6,block-e-03,codling_moth,0
2026-04-27,57.5,39.6,block-e-03,oriental_fruit_moth,0
2026-04-27,57.5,39.6,block-e-04,codling_moth,0
2026-04-27,57.5,39.6,block-e-04,oriental_fruit_moth,0
2026-04-28,59.9,40.7,block-a-01,codling_moth,0
2026-04-28,59.9,40.7,block-a-01,oriental_fruit_moth,0
2026-04-28,59.9,40.7,block-a-02,codling_moth,0
2026-04-28,59.9,40.7,block-a-02,oriental_fruit_moth,0
2026-04-28,59.9,40.7,block-a-03,codling_moth,0
2026-04-28,59.9,40.7,block-a-03,oriental_fruit_moth,0
2026-04-28,59.9,40.7,block-a-04,codling_moth,0
2026-04-28,59.9,40.7,block-a-04,oriental_fruit_moth,0
2026-04-28,59.9,40.7,block-b-01,codling_moth,0
2026-04-28,59.9,40.7,block-b-01,oriental_fruit_moth,0
2026-04-28,59.9,40.7,block-b-02,codling_moth,0
2026-04-28,59.9,40.7,block-b-02,oriental_fruit_moth,0
2026-04-28,59.9,40.7,block-b-03,codling_moth,0
2026-04-28,59.9,40.7,block-b-03,oriental_fruit_moth,0
2026-04-28,59.9,40.7,block-b-04,codling_moth,0
2026-04-28,59.9,40.7,block-b-04,oriental_fruit_moth,0
2026-04-28,59.9,40.7,block-c-01,codling_moth,0
2026-04-28,59.9,40.7,block-c-01,oriental_fruit_moth,0
2026-04-28,59.9,40.7,block-c-02,codling_moth,6
2026-04-28,59.9,40.7,block-c-02,oriental_fruit_moth,0
2026-04-28,59.9,40.7,block-c-03,codling_moth,0
2026-04-28,59.9,40.7,block-c-03,oriental_fruit_moth,0
2026-04-28,59.9,40.7,block-c-04,codling_moth,0
2026-04-28,59.9,40.7,block-c-04,oriental_fruit_moth,0
2026-04-28,59.9,40.7,block-d-01,codling_moth,0
2026-04-28,59.9,40.7,block-d-01,oriental_fruit_moth,0
2026-04-28,59.9,40.7,block-d-02,codling_moth,0
2026-04-28,59.9,40.7,block-d-02,oriental_fruit_moth,0
2026-04-28,59.9,40.7,block-d-03,codling_moth,0
2026-04-28,59.9,40.7,block-d-03,oriental_fruit_moth,0
2026-04-28,59.9,40.7,block-d-04,codling_moth,0
2026-04-28,59.9,40.7,block-d-04,oriental_fruit_moth,0
2026-04-28,59.9,40.7,block-e-01,codling_moth,0
2026-04-28,59.9,40.7,block-e-01,oriental_fruit_moth,0
2026-04-28,59.9,40.7,block-e-02,codling_moth,0
2026-04-28,59.9,40.7,block-e-02,oriental_fruit_moth,0
2026-04-28,59.9,40.7,block-e-03,codling_moth,0
2026-04-28,59.9,40.7,block-e-03,oriental_fruit_moth,1
2026-04-28,59.9,40.7,block-e-04,codling_moth,0
2026-04-28,59.9,40.7,block-e-04,oriental_fruit_moth,0
2026-04-29,59.6,39.8,block-a-01,codling_moth,0
2026-04-29,59.6,39.8,block-a-01,oriental_fruit_moth,0
2026-04-29,59.6,39.8,block-a-02,codling_moth,0
2026-04-29,59.6,39.8,block-a-02,oriental_fruit_moth,0
2026-04-29,59.6,39.8,block-a-03,codling_moth,0
2026-04-29,59.6,39.8,block-a-03,oriental_fruit_moth,0
2026-04-29,59.6,39.8,block-a-04,codling_moth,0
2026-04-29,59.6,39.8,block-a-04,oriental_fruit_moth,0
2026-04-29,59.6,39.8,block-b-01,codling_moth,0
2026-04-29,59.6,39.8,block-b-01,oriental_fruit_moth,0
2026-04-29,59.6,39.8,block-b-02,codling_moth,0
2026-04-29,59.6,39.8,block-b-02,oriental_fruit_moth,0
2026-04-29,59.6,39.8,block-b-03,codling_moth,0
2026-04-29,59.6,39.8,block-b-03,oriental_fruit_moth,0
2026-04-29,59.6,39.8,block-b-04,codling_moth,0
2026-04-29,59.6,39.8,block-b-04,oriental_fruit_moth,1
2026-04-29,59.6,39.8,block-c-01,codling_moth,1
2026-04-29,59.6,39.8,block-c-01,oriental_fruit_moth,0
2026-04-29,59.6,39.8,block-c-02,codling_moth,0
2026-04-29,59.6,39.8,block-c-02,oriental_fruit_moth,0
2026-04-29,59.6,39.8,block-c-03,codling_moth,0
2026-04-29,59.6,39.8,block-c-03,oriental_fruit_moth,0
2026-04-29,59.6,39.8,block-c-04,codling_moth,0
2026-04-29,59.6,39.8,block-c-04,oriental_fruit_moth,0
2026-04-29,59.6,39.8,block-d-01,codling_moth,0
2026-04-29,59.6,39.8,block-d-01,oriental_fruit_moth,0
2026-04-29,59.6,39.8,block-d-02,codling_moth,0
2026-04-29,59.6,39.8,block-d-02,oriental_fruit_moth,0
2026-04-29,59.6,39.8,block-d-03,codling_moth,0
2026-04-29,59.6,39.8,block-d-03,oriental_fruit_moth,0
2026-04-29,59.6,39.8,block-d-04,codling_moth,0
2026-04-29,59.6,39.8,block-d-04,oriental_fruit_moth,0
2026-04-29,59.6,39.8,block-e-01,codling_moth,0
2026-04-29,59.6,39.8,block-e-01,oriental_fruit_moth,0
2026-04-29,59.6,39.8,block-e-02,codling_moth,0
2026-04-29,59.6,39.8,block-e-02,oriental_fruit_moth,0
2026-04-29,59.6,39.8,block-e-03,codling_moth,0
2026-04-29,59.6,39.8,block-e-03,oriental_fruit_moth,0
2026-04-29,59.6,39.8,block-e-04,codling_moth,0
2026-04-29,59.6,39.8,block-e-04,oriental_fruit_moth,0
2026-04-30,54.6,33.7,block-a-01,codling_moth,0
2026-04-30,54.6,33.7,block-a-01,oriental_fruit_moth,0
2026-04-30,54.6,33.7,block-a-02,codling_moth,0
2026-04-30,54.6,33.7,block-a-02,oriental_fruit_moth,0
2026-04-30,54.6,33.7,block-a-03,codling_moth,0
2026-04-30,54.6,33.7,block-a-03,oriental_fruit_moth,0
2026-04-30,54.6,33.7,block-a-04,codling_moth,0
2026-04-30,54.6,33.7,block-a-04,oriental_fruit_moth,0
2026-04-30,54.6,33.7,block-b-01,codling_moth,0
2026-04-30,54.6,33.7,block-b-01,oriental_fruit_moth,0
2026-04-30,54.6,33.7,block-b-02,codling_moth,0
2026-04-30,54.6,33.7,block-b-02,oriental_fruit_moth,0
2026-04-30,54.6,33.7,block-b-03,codling_moth,0
2026-04-30,54.6,33.7,block-b-03,oriental_fruit_moth,0
2026-04-30,54.6,33.7,block-b-04,codling_moth,0
2026-04-30,54.6,33.7,block-b-04,oriental_fruit_moth,0
2026-04-30,54.6,33.7,block-c-01,codling_moth,0
2026-04-30,54.6,33.7,block-c-01,oriental_fruit_moth,0
2026-04-30,54.6,33.7,block-c-02,codling_moth,0
2026-04-30,54.6,33.7,block-c-02,oriental_fruit_moth,0
2026-04-30,54.6,33.7,block-c-03,codling_moth,0
2026-04-30,54.6,33.7,block-c-03,oriental_fruit_moth,1
2026-04-30,54.6,33.7,block-c-04,codling_moth,0
2026-04-30,54.6,33.7,block-c-04,oriental_fruit_moth,0
2026-04-30,54.6,33.7,block-d-01,codling_moth,0
2026-04-30,54.6,33.7,block-d-01,oriental_fruit_moth,0
2026-04-30,54.6,33.7,block-d-02,codling_moth,0
2026-04-30,54.6,33.7,block-d-02,oriental_fruit_moth,0
2026-04-30,54.6,33.7,block-d-03,codling_moth,0
2026-04-30,54.6,33.7,block-d-03,oriental_fruit_moth,0
2026-04-30,54.6,33.7,block-d-04,codling_moth,0
2026-04-30,54.6,33.7,block-d-04,oriental_fruit_moth,0
2026-04-30,54.6,33.7,block-e-01,codling_moth,0
2026-04-30,54.6,33.7,block-e-01,oriental_fruit_moth,0
2026-04-30,54.6,33.7,block-e-02,codling_moth,0
2026-04-30,54.6,33.7,block-e-02,oriental_fruit_moth,0
2026-04-30,54.6,33.7,block-e-03,codling_moth,0
2026-04-30,54.6,33.7,block-e-03,oriental_fruit_moth,0
2026-04-30,54.6,33.7,block-e-04,codling_moth,0
2026-04-30,54.6,33.7,block-e-04,oriental_fruit_moth,0
2026-05-01,58.8,39.2,block-a-01,codling_moth,0
2026-05-01,58.8,39.2,block-a-01,oriental_fruit_moth,0
2026-05-01,58.8,39.2,block-a-02,codling_moth,0
2026-05-01,58.8,39.2,block-a-02,oriental_fruit_moth,0
2026-05-01,58.8,39.2,block-a-03,codling_moth,0
2026-05-01,58.8,39.2,block-a-03,oriental_fruit_moth,0
2026-05-01,58.8,39.2,block-a-04,codling_moth,0
2026-05-01,58.8,39.2,block-a-04,oriental_fruit_moth,0
2026-05-01,58.8,39.2,block-b-01,codling_moth,0
2026-05-01,58.8,39.2,block-b-01,oriental_fruit_moth,0
2026-05-01,58.8,39.2,block-b-02,codling_moth,0
2026-05-01,58.8,39.2,block-b-02,oriental_fruit_moth,0
2026-05-01,58.8,39.2,block-b-03,codling_moth,0
2026-05-01,58.8,39.2,block-b-03,oriental_fruit_moth,0
2026-05-01,58.8,39.2,block-b-04,codling_moth,0
2026-05-01,58.8,39.2,block-b-04,oriental_fruit_moth,0
2026-05-01,58.8,39.2,block-c-01,codling_moth,0
2026-05-01,58.8,39.2,block-c-01,oriental_fruit_moth,0
2026-05-01,58.8,39.2,block-c-02,codling_moth,0
2026-05-01,58.8,39.2,block-c-02,oriental_fruit_moth,0
2026-05-01,58.8,39.2,block-c-03,codling_moth,0
2026-05-01,58.8,39.2,block-c-03,oriental_fruit_moth,0
2026-05-01,58.8,39.2,block-c-04,codling_moth,0
2026-05-01,58.8,39.2,block-c-04,oriental_fruit_moth,0
2026-05-01,58.8,39.2,block-d-01,codling_moth,1
2026-05-01,58.8,39.2,block-d-01,oriental_fruit_moth,0
2026-05-01,58.8,39.2,block-d-02,codling_moth,0
2026-05-01,58.8,39.2,block-d-02,oriental_fruit_moth,0
2026-05-01,58.8,39.2,block-d-03,codling_moth,0
2026-05-01,58.8,39.2,block-d-03,oriental_fruit_moth,0
2026-05-01,58.8,39.2,block-d-04,codling_moth,0
2026-05-01,58.8,39.2,block-d-04,oriental_fruit_moth,0
2026-05-01,58.8,39.2,block-e-01,codling_moth,0
2026-05-01,58.8,39.2,block-e-01,oriental_fruit_moth,0
2026-05-01,58.8,39.2,block-e-02,codling_moth,0
2026-05-01,58.8,39.2,block-e-02,oriental_fruit_moth,0
2026-05-01,58.8,39.2,block-e-03,codling_moth,0
2026-05-01,58.8,39.2,block-e-03,oriental_fruit_moth,0
2026-05-01,58.8,39.2,block-e-04,codling_moth,0
2026-05-01,58.8,39.2,block-e-04,oriental_fruit_moth,0
2026-05-02,55.8,39.5,block-a-01,codling_moth,0
2026-05-02,55.8,39.5,block-a-01,oriental_fruit_moth,1
2026-05-02,55.8,39.5,block-a-02,codling_moth,0
2026-05-02,55.8,39.5,block-a-02,oriental_fruit_moth,0
2026-05-02,55.8,39.5,block-a-03,codling_moth,0
2026-05-02,55.8,39.5,block-a-03,oriental_fruit_moth,0
2026-05-02,55.8,39.5,block-a-04,codling_moth,0
2026-05-02,55.8,39.5,block-a-04,oriental_fruit_moth,0
2026-05-02,55.8,39.5,block-b-01,codling_moth,0
2026-05-02,55.8,39.5,block-b-01,oriental_fruit_moth,1
2026-05-02,55.8,39.5,block-b-02,codling_moth,0
2026-05-02,55.8,39.5,block-b-02,oriental_fruit_moth,0
2026-05-02,55.8,39.5,block-b-03,codling_moth,0
2026-05-02,55.8,39.5,block-b-03,oriental_fruit_moth,0
2026-05-02,55.8,39.5,block-b-04,codling_moth,0
2026-05-02,55.8,39.5,block-b-04,oriental_fruit_moth,0
2026-05-02,55.8,39.5,block-c-01,codling_moth,0
2026-05-02,55.8,39.5,block-c-01,oriental_fruit_moth,0
2026-05-02,55.8,39.5,block-c-02,codling_moth,0
2026-05-02,55.8,39.5,block-c-02,oriental_fruit_moth,0
2026-05-02,55.8,39.5,block-c-03,codling_moth,0
2026-05-02,55.8,39.5,block-c-03,oriental_fruit_moth,0
2026-05-02,55.8,39.5,block-c-04,codling_moth,0
2026-05-02,55.8,39.5,block-c-04,oriental_fruit_moth,0
2026-05-02,55.8,39.5,block-d-01,codling_moth,0
2026-05-02,55.8,39.5,block-d-01,oriental_fruit_moth,0
2026-05-02,55.8,39.5,block-d-02,codling_moth,0
2026-05-02,55.8,39.5,block-d-02,oriental_fruit_moth,0
2026-05-02,55.8,39.5,block-d-03,codling_moth,0
2026-05-02,55.8,39.5,block-d-03,oriental_fruit_moth,0
2026-05-02,55.8,39.5,block-d-04,codling_moth,0
2026-05-02,55.8,39.5,block-d-04,oriental_fruit_moth,0
2026-05-02,55.8,39.5,block-e-01,codling_moth,0
2026-05-02,55.8,39.5,block-e-01,oriental_fruit_moth,0
2026-05-02,55.8,39.5,block-e-02,codling_moth,0
2026-05-02,55.8,39.5,block-e-02,oriental_fruit_moth,0
2026-05-02,55.8,39.5,block-e-03,codling_moth,0
2026-05-02,55.8,39.5,block-e-03,oriental_fruit_moth,0
2026-05-02,55.8,39.5,block-e-04,codling_moth,0
2026-05-02,55.8,39.5,block-e-04,oriental_fruit_moth,0
2026-05-03,60.6,42.6,block-a-01,codling_moth,0
2026-05-03,60.6,42.6,block-a-01,oriental_fruit_moth,0
2026-05-03,60.6,42.6,block-a-02,codling_moth,0
2026-05-03,60.6,42.6,block-a-02,oriental_fruit_moth,0
2026-05-03,60.6,42.6,block-a-03,codling_moth,0
2026-05-03,60.6,42.6,block-a-03,oriental_fruit_moth,0
2026-05-03,60.6,42.6,block-a-04,codling_moth,0
2026-05-03,60.6,42.6,block-a-04,oriental_fruit_moth,0
2026-05-03,60.6,42.6,block-b-01,codling_moth,0
2026-05-03,60.6,42.6,block-b-01,oriental_fruit_moth,0
2026-05-03,60.6,42.6,block-b-02,codling_moth,0
2026-05-03,60.6,42.6,block-b-02,oriental_fruit_moth,0
2026-05-03,60.6,42.6,block-b-03,codling_moth,0
2026-05-03,60.6,42.6,block-b-03,oriental_fruit_moth,0
2026-05-03,60.6,42.6,block-b-04,codling_moth,0
2026-05-03,60.6,42.6,block-b-04,oriental_fruit_moth,0
2026-05-03,60.6,42.6,block-c-01,codling_moth,0
2026-05-03,60.6,42.6,block-c-01,oriental_fruit_moth,0
2026-05-03,60.6,42.6,block-c-02,codling_moth,0
2026-05-03,60.6,42.6,block-c-02,oriental_fruit_moth,0
2026-05-03,60.6,42.6,block-c-03,codling_moth,0
2026-05-03,60.6,42.6,block-c-03,oriental_fruit_moth,0
2026-05-03,60.6,42.6,block-c-04,codling_moth,0
2026-05-03,60.6,42.6,block-c-04,oriental_fruit_moth,0
2026-05-03,60.6,42.6,block-d-01,codling_moth,0
2026-05-03,60.6,42.6,block-d-01,oriental_fruit_moth,0
2026-05-03,60.6,42.6,block-d-02,codling_moth,0
2026-05-03,60.6,42.6,block-d-02,oriental_fruit_moth,0
2026-05-03,60.6,42.6,block-d-03,codling_moth,0
2026-05-03,60.6,42.6,block-d-03,oriental_fruit_moth,0
2026-05-03,60.6,42.6,block-d-04,codling_moth,0
2026-05-03,60.6,42.6,block-d-04,oriental_fruit_moth,0
2026-05-03,60.6,42.6,block-e-01,codling_moth,1
2026-05-03,60.6,42.6,block-e-01,oriental_fruit_moth,0
2026-05-03,60.6,42.6,block-e-02,codling_moth,0
2026-05-03,60.6,42.6,block-e-02,oriental_fruit_moth,0
2026-05-03,60.6,42.6,block-e-03,codling_moth,0
2026-05-03,60.6,42.6,block-e-03,oriental_fruit_moth,0
2026-05-03,60.6,42.6,block-e-04,codling_moth,0
2026-05-03,60.6,42.6,block-e-04,oriental_fruit_moth,0
2026-05-04,64.2,45.1,block-a-01,codling_moth,0
2026-05-04,64.2,45.1,block-a-01,oriental_fruit_moth,0
2026-05-04,64.2,45.1,block-a-02,codling_moth,0
2026-05-04,64.2,45.1,block-a-02,oriental_fruit_moth,0
2026-05-04,64.2,45.1,block-a-03,codling_moth,0
2026-05-04,64.2,45.1,block-a-03,oriental_fruit_moth,0
2026-05-04,64.2,45.1,block-a-04,codling_moth,0
2026-05-04,64.2,45.1,block-a-04,oriental_fruit_moth,0
2026-05-04,64.2,45.1,block-b-01,codling_moth,0
2026-05-04,64.2,45.1,block-b-01,oriental_fruit_moth,0
2026-05-04,64.2,45.1,block-b-02,codling_moth,0
2026-05-04,64.2,45.1,block-b-02,oriental_fruit_moth,0
2026-05-04,64.2,45.1,block-b-03,codling_moth,0
2026-05-04,64.2,45.1,block-b-03,oriental_fruit_moth,0
2026-05-04,64.2,45.1,block-b-04,codling_moth,0
2026-05-04,64.2,45.1,block-b-04,oriental_fruit_moth,0
2026-05-04,64.2,45.1,block-c-01,codling_moth,0
2026-05-04,64.2,45.1,block-c-01,oriental_fruit_moth,0
2026-05-04,64.2,45.1,block-c-02,codling_moth,0
2026-05-04,64.2,45.1,block-c-02,oriental_fruit_moth,0
2026-05-04,64.2,45.1,block-c-03,codling_moth,0
2026-05-04,64.2,45.1,block-c-03,oriental_fruit_moth,0
2026-05-04,64.2,45.1,block-c-04,codling_moth,0
2026-05-04,64.2,45.1,block-c-04,oriental_fruit_moth,0
2026-05-04,64.2,45.1,block-d-01,codling_moth,0
2026-05-04,64.2,45.1,block-d-01,oriental_fruit_moth,0
2026-05-04,64.2,45.1,block-d-02,codling_moth,0
2026-05-04,64.2,45.1,block-d-02,oriental_fruit_moth,0
2026-05-04,64.2,45.1,block-d-03,codling_moth,0
2026-05-04,64.2,45.1,block-d-03,oriental_fruit_moth,0
2026-05-04,64.2,45.1,block-d-04,codling_moth,0
2026-05-04,64.2,45.1,block-d-04,oriental_fruit_moth,0
2026-05-04,64.2,45.1,block-e-01,codling_moth,0
2026-05-04,64.2,45.1,block-e-01,oriental_fruit_moth,0
2026-05-04,64.2,45.1,block-e-02,codling_moth,0
2026-05-04,64.2,45.1,block-e-02,oriental_fruit_moth,0
2026-05-04,64.2,45.1,block-e-03,codling_moth,0
2026-05-04,64.2,45.1,block-e-03,oriental_fruit_moth,0
2026-05-04,64.2,45.1,block-e-04,codling_moth,0
2026-05-04,64.2,45.1,block-e-04,oriental_fruit_moth,0
2026-05-05,61.2,42.8,block-a-01,codling_moth,0
2026-05-05,61.2,42.8,block-a-01,oriental_fruit_moth,0
2026-05-05,61.2,42.8,block-a-02,codling_moth,0
2026-05-05,61.2,42.8,block-a-02,oriental_fruit_moth,1
2026-05-05,61.2,42.8,block-a-03,codling_moth,0
2026-05-05,61.2,42.8,block-a-03,oriental_fruit_moth,0
2026-05-05,61.2,42.8,block-a-04,codling_moth,0
2026-05-05,61.2,42.8,block-a-04,oriental_fruit_moth,0
2026-05-05,61.2,42.8,block-b-01,codling_moth,0
2026-05-05,61.2,42.8,block-b-01,oriental_fruit_moth,0
2026-05-05,61.2,42.8,block-b-02,codling_moth,0
2026-05-05,61.2,42.8,block-b-02,oriental_fruit_moth,0
2026-05-05,61.2,42.8,block-b-03,codling_moth,0
2026-05-05,61.2,42.8,block-b-03,oriental_fruit_moth,0
2026-05-05,61.2,42.8,block-b-04,codling_moth,0
2026-05-05,61.2,42.8,block-b-04,oriental_fruit_moth,0
2026-05-05,61.2,42.8,block-c-01,codling_moth,0
2026-05-05,61.2,42.8,block-c-01,oriental_fruit_moth,0
2026-05-05,61.2,42.8,block-c-02,codling_moth,0
2026-05-05,61.2,42.8,block-c-02,oriental_fruit_moth,0
2026-05-05,61.2,42.8,block-c-03,codling_moth,0
2026-05-05,61.2,42.8,block-c-03,oriental_fruit_moth,0
2026-05-05,61.2,42.8,block-c-04,codling_moth,0
2026-05-05,61.2,42.8,block-c-04,oriental_fruit_moth,0
2026-05-05,61.2,42.8,block-d-01,codling_moth,1
2026-05-05,61.2,42.8,block-d-01,oriental_fruit_moth,0
2026-05-05,61.2,42.8,block-d-02,codling_moth,0
2026-05-05,61.2,42.8,block-d-02,oriental_fruit_moth,0
2026-05-05,61.2,42.8,block-d-03,codling_moth,0
2026-05-05,61.2,42.8,block-d-03,oriental_fruit_moth,0
2026-05-05,61.2,42.8,block-d-04,codling_moth,0
2026-05-05,61.2,42.8,block-d-04,oriental_fruit_moth,0
2026-05-05,61.2,42.8,block-e-01,codling_moth,0
2026-05-05,61.2,42.8,block-e-01,oriental_fruit_moth,0
2026-05-05,61.2,42.8,block-e-02,codling_moth,0
2026-05-05,61.2,42.8,block-e-02,oriental_fruit_moth,0
2026-05-05,61.2,42.8,block-e-03,codling_moth,0
2026-05-05,61.2,42.8,block-e-03,oriental_fruit_moth,0
2026-05-05,61.2,42.8,block-e-04,codling_moth,0
2026-05-05,61.2,42.8,block-e-04,oriental_fruit_moth,0
2026-05-06,62.1,40.9,block-a-01,codling_moth,0
2026-05-06,62.1,40.9,block-a-01,oriental_fruit_moth,0
2026-05-06,62.1,40.9,block-a-02,codling_moth,0
2026-05-06,62.1,40.9,block-a-02,oriental_fruit_moth,0
2026-05-06,62.1,40.9,block-a-03,codling_moth,0
2026-05-06,62.1,40.9,block-a-03,oriental_fruit_moth,0
2026-05-06,62.1,40.9,block-a-04,codling_moth,0
2026-05-06,62.1,40.9,block-a-04,oriental_fruit_moth,0
2026-05-06,62.1,40.9,block-b-01,codling_moth,0
2026-05-06,62.1,40.9,block-b-01,oriental_fruit_moth,0
2026-05-06,62.1,40.9,block-b-02,codling_moth,0
2026-05-06,62.1,40.9,block-b-02,oriental_fruit_moth,0
2026-05-06,62.1,40.9,block-b-03,codling_moth,0
2026-05-06,62.1,40.9,block-b-03,oriental_fruit_moth,0
2026-05-06,62.1,40.9,block-b-04,codling_moth,0
2026-05-06,62.1,40.9,block-b-04,oriental_fruit_moth,0
2026-05-06,62.1,40.9,block-c-01,codling_moth,0
2026-05-06,62.1,40.9,block-c-01,oriental_fruit_moth,0
2026-05-06,62.1,40.9,block-c-02,codling_moth,0
2026-05-06,62.1,40.9,block-c-02,oriental_fruit_moth,0
2026-05-06,62.1,40.9,block-c-03,codling_moth,1
2026-05-06,62.1,40.9,block-c-03,oriental_fruit_moth,0
2026-05-06,62.1,40.9,block-c-04,codling_moth,0
2026-05-06,62.1,40.9,block-c-04,oriental_fruit_moth,0
2026-05-06,62.1,40.9,block-d-01,codling_moth,0
2026-05-06,62.1,40.9,block-d-01,oriental_fruit_moth,0
2026-05-06,62.1,40.9,block-d-02,codling_moth,0
2026-05-06,62.1,40.9,block-d-02,oriental_fruit_moth,0
2026-05-06,62.1,40.9,block-d-03,codling_moth,0
2026-05-06,62.1,40.9,block-d-03,oriental_fruit_moth,0
2026-05-06,62.1,40.9,block-d-04,codling_moth,0
2026-05-06,62.1,40.9,block-d-04,oriental_fruit_moth,0
2026-05-06,62.1,40.9,block-e-01,codling_moth,0
2026-05-06,62.1,40.9,block-e-01,oriental_fruit_moth,0
2026-05-06,62.1,40.9,block-e-02,codling_moth,0
2026-05-06,62.1,40.9,block-e-02,oriental_fruit_moth,0
2026-05-06,62.1,40.9,block-e-03,codling_moth,0
2026-05-06,62.1,40.9,block-e-03,oriental_fruit_moth,0
2026-05-06,62.1,40.9,block-e-04,codling_moth,0
2026-05-06,62.1,40.9,block-e-04,oriental_fruit_moth,0
2026-05-07,65.7,43.7,block-a-01,codling_moth,0
2026-05-07,65.7,43.7,block-a-01,oriental_fruit_moth,0
2026-05-07,65.7,43.7,block-a-02,codling_moth,0
2026-05-07,65.7,43.7,block-a-02,oriental_fruit_moth,0
2026-05-07,65.7,43.7,block-a-03,codling_moth,0
2026-05-07,65.7,43.7,block-a-03,oriental_fruit_moth,0
2026-05-07,65.7,43.7,block-a-04,codling_moth,1
2026-05-07,65.7,43.7,block-a-04,oriental_fruit_moth,0
2026-05-07,65.7,43.7,block-b-01,codling_moth,0
2026-05-07,65.7,43.7,block-b-01,oriental_fruit_moth,0
2026-05-07,65.7,43.7,block-b-02,codling_moth,1
2026-05-07,65.7,43.7,block-b-02,oriental_fruit_moth,0
2026-05-07,65.7,43.7,block-b-03,codling_moth,0
2026-05-07,65.7,43.7,block-b-03,oriental_fruit_moth,0
2026-05-07,65.7,43.7,block-b-04,codling_moth,0
2026-05-07,65.7,43.7,block-b-04,oriental_fruit_moth,0
2026-05-07,65.7,43.7,block-c-01,codling_moth,0
2026-05-07,65.7,43.7,block-c-01,oriental_fruit_moth,0
2026-05-07,65.7,43.7,block-c-02,codling_moth,0
2026-05-07,65.7,43.7,block-c-02,oriental_fruit_moth,0
2026-05-07,65.7,43.7,block-c-03,codling_moth,0
2026-05-07,65.7,43.7,block-c-03,oriental_fruit_moth,0
2026-05-07,65.7,43.7,block-c-04,codling_moth,0
2026-05-07,65.7,43.7,block-c-04,oriental_fruit_moth,0
2026-05-07,65.7,43.7,block-d-01,codling_moth,0
2026-05-07,65.7,43.7,block-d-01,oriental_fruit_moth,0
2026-05-07,65.7,43.7,block-d-02,codling_moth,0
2026-05-07,65.7,43.7,block-d-02,oriental_fruit_moth,0
2026-05-07,65.7,43.7,block-d-03,codling_moth,0
2026-05-07,65.7,43.7,block-d-03,oriental_fruit_moth,0
2026-05-07,65.7,43.7,block-d-04,codling_moth,0
2026-05-07,65.7,43.7,block-d-04,oriental_fruit_moth,0
2026-05-07,65.7,43.7,block-e-01,codling_moth,0
2026-05-07,65.7,43.7,block-e-01,oriental_fruit_moth,0
2026-05-07,65.7,43.7,block-e-02,codling_moth,0
2026-05-07,65.7,43.7,block-e-02,oriental_fruit_moth,0
2026-05-07,65.7,43.7,block-e-03,codling_moth,0
2026-05-07,65.7,43.7,block-e-03,oriental_fruit_moth,0
2026-05-07,65.7,43.7,block-e-04,codling_moth,0
2026-05-07,65.7,43.7,block-e-04,oriental_fruit_moth,0
2026-05-08,64.8,45.1,block-a-01,codling_moth,0
2026-05-08,64.8,45.1,block-a-01,oriental_fruit_moth,0
2026-05-08,64.8,45.1,block-a-02,codling_moth,0
2026-05-08,64.8,45.1,block-a-02,oriental_fruit_moth,0
2026-05-08,64.8,45.1,block-a-03,codling_moth,0
2026-05-08,64.8,45.1,block-a-03,oriental_fruit_moth,0
2026-05-08,64.8,45.1,block-a-04,codling_moth,0
2026-05-08,64.8,45.1,block-a-04,oriental_fruit_moth,0
2026-05-08,64.8,45.1,block-b-01,codling_moth,0
2026-05-08,64.8,45.1,block-b-01,oriental_fruit_moth,0
2026-05-08,64.8,45.1,block-b-02,codling_moth,0
2026-05-08,64.8,45.1,block-b-02,oriental_fruit_moth,0
2026-05-08,64.8,45.1,block-b-03,codling_moth,0
2026-05-08,64.8,45.1,block-b-03,oriental_fruit_moth,0
2026-05-08,64.8,45.1,block-b-04,codling_moth,0
2026-05-08,64.8,45.1,block-b-04,oriental_fruit_moth,0
2026-05-08,64.8,45.1,block-c-01,codling_moth,0
2026-05-08,64.8,45.1,block-c-01,oriental_fruit_moth,0
2026-05-08,64.8,45.1,block-c-02,codling_moth,0
2026-05-08,64.8,45.1,block-c-02,oriental_fruit_moth,0
2026-05-08,64.8,45.1,block-c-03,codling_moth,0
2026-05-08,64.8,45.1,block-c-03,oriental_fruit_moth,0
2026-05-08,64.8,45.1,block-c-04,codling_moth,0
2026-05-08,64.8,45.1,block-c-04,oriental_fruit_moth,0
2026-05-08,64.8,45.1,block-d-01,codling_moth,0
2026-05-08,64.8,45.1,block-d-01,oriental_fruit_moth,0
2026-05-08,64.8,45.1,block-d-02,codling_moth,0
2026-05-08,64.8,45.1,block-d-02,oriental_fruit_moth,0
2026-05-08,64.8,45.1,block-d-03,codling_moth,0
2026-05-08,64.8,45.1,block-d-03,oriental_fruit_moth,0
2026-05-08,64.8,45.1,block-d-04,codling_moth,0
2026-05-08,64.8,45.1,block-d-04,oriental_fruit_moth,0
2026-05-08,64.8,45.1,block-e-01,codling_moth,0
2026-05-08,64.8,45.1,block-e-01,oriental_fruit_moth,0
2026-05-08,64.8,45.1,block-e-02,codling_moth,0
2026-05-08,64.8,45.1,block-e-02,oriental_fruit_moth,0
2026-05-08,64.8,45.1,block-e-03,codling_moth,0
2026-05-08,64.8,45.1,block-e-03,oriental_fruit_moth,0
2026-05-08,64.8,45.1,block-e-04,codling_moth,0
2026-05-08,64.8,45.1,block-e-04,oriental_fruit_moth,0
2026-05-09,60.4,42.6,block-a-01,codling_moth,1
2026-05-09,60.4,42.6,block-a-01,oriental_fruit_moth,0
2026-05-09,60.4,42.6,block-a-02,codling_moth,0
2026-05-09,60.4,42.6,block-a-02,oriental_fruit_moth,0
2026-05-09,60.4,42.6,block-a-03,codling_moth,0
2026-05-09,60.4,42.6,block-a-03,oriental_fruit_moth,0
2026-05-09,60.4,42.6,block-a-04,codling_moth,0
2026-05-09,60.4,42.6,block-a-04,oriental_fruit_moth,0
2026-05-09,60.4,42.6,block-b-01,codling_moth,0
2026-05-09,60.4,42.6,block-b-01,oriental_fruit_moth,0
2026-05-09,60.4,42.6,block-b-02,codling_moth,0
2026-05-09,60.4,42.6,block-b-02,oriental_fruit_moth,0
2026-05-09,60.4,42.6,block-b-03,codling_moth,0
2026-05-09,60.4,42.6,block-b-03,oriental_fruit_moth,0
2026-05-09,60.4,42.6,block-b-04,codling_moth,0
2026-05-09,60.4,42.6,block-b-04,oriental_fruit_moth,0
2026-05-09,60.4,42.6,block-c-01,codling_moth,0
2026-05-09,60.4,42.6,block-c-01,oriental_fruit_moth,0
2026-05-09,60.4,42.6,block-c-02,codling_moth,0
2026-05-09,60.4,42.6,block-c-02,oriental_fruit_moth,0
2026-05-09,60.4,42.6,block-c-03,codling_moth,0
2026-05-09,60.4,42.6,block-c-03,oriental_fruit_moth,0
2026-05-09,60.4,42.6,block-c-04,codling_moth,0
2026-05-09,60.4,42.6,block-c-04,oriental_fruit_moth,1
2026-05-09,60.4,42.6,block-d-01,codling_moth,0
2026-05-09,60.4,42.6,block-d-01,oriental_fruit_moth,0
2026-05-09,60.4,42.6,block-d-02,codling_moth,0
2026-05-09,60.4,42.6,block-d-02,oriental_fruit_moth,0
2026-05-09,60.4,42.6,block-d-03,codling_moth,0
2026-05-09,60.4,42.6,block-d-03,oriental_fruit_moth,0
2026-05-09,60.4,42.6,block-d-04,codling_moth,0
2026-05-09,60.4,42.6,block-d-04,oriental_fruit_moth,0
2026-05-09,60.4,42.6,block-e-01,codling_moth,0
2026-05-09,60.4,42.6,block-e-01,oriental_fruit_moth,0
2026-05-09,60.4,42.6,block-e-02,codling_moth,0
2026-05-09,60.4,42.6,block-e-02,oriental_fruit_moth,0
2026-05-09,60.4,42.6,block-e-03,codling_moth,0
2026-05-09,60.4,42.6,block-e-03,oriental_fruit_moth,0
2026-05-09,60.4,42.6,block-e-04,codling_moth,0
2026-05-09,60.4,42.6,block-e-04,oriental_fruit_moth,0
2026-05-10,60.0,41.5,block-a-01,codling_moth,0
2026-05-10,60.0,41.5,block-a-01,oriental_fruit_moth,0
2026-05-10,60.0,41.5,block-a-02,codling_moth,1
2026-05-10,60.0,41.5,block-a-02,oriental_fruit_moth,0
2026-05-10,60.0,41.5,block-a-03,codling_moth,0
2026-05-10,60.0,41.5,block-a-03,oriental_fruit_moth,0
2026-05-10,60.0,41.5,block-a-04,codling_moth,0
2026-05-10,60.0,41.5,block-a-04,oriental_fruit_moth,0
2026-05-10,60.0,41.5,block-b-01,codling_moth,0
2026-05-10,60.0,41.5,block-b-01,oriental_fruit_moth,0
2026-05-10,60.0,41.5,block-b-02,codling_moth,0
2026-05-10,60.0,41.5,block-b-02,oriental_fruit_moth,0
2026-05-10,60.0,41.5,block-b-03,codling_moth,0
2026-05-10,60.0,41.5,block-b-03,oriental_fruit_moth,0
2026-05-10,60.0,41.5,block-b-04,codling_moth,0
2026-05-10,60.0,41.5,block-b-04,oriental_fruit_moth,0
2026-05-10,60.0,41.5,block-c-01,codling_moth,0
2026-05-10,60.0,41.5,block-c-01,oriental_fruit_moth,0
2026-05-10,60.0,41.5,block-c-02,codling_moth,0
2026-05-10,60.0,41.5,block-c-02,oriental_fruit_moth,0
2026-05-10,60.0,41.5,block-c-03,codling_moth,0
2026-05-10,60.0,41.5,block-c-03,oriental_fruit_moth,0
2026-05-10,60.0,41.5,block-c-04,codling_moth,0
2026-05-10,60.0,41.5,block-c-04,oriental_fruit_moth,0
2026-05-10,60.0,41.5,block-d-01,codling_moth,0
2026-05-10,60.0,41.5,block-d-01,oriental_fruit_moth,0
2026-05-10,60.0,41.5,block-d-02,codling_moth,0
2026-05-10,60.0,41.5,block-d-02,oriental_fruit_moth,0
2026-05-10,60.0,41.5,block-d-03,codling_moth,1
2026-05-10,60.0,41.5,block-d-03,oriental_fruit_moth,0
2026-05-10,60.0,41.5,block-d-04,codling_moth,0
2026-05-10,60.0,41.5,block-d-04,oriental_fruit_moth,0
2026-05-10,60.0,41.5,block-e-01,codling_moth,0
2026-05-10,60.0,41.5,block-e-01,oriental_fruit_moth,0
2026-05-10,60.0,41.5,block-e-02,codling_moth,0
2026-05-10,60.0,41.5,block-e-02,oriental_fruit_moth,0
2026-05-10,60.0,41.5,block-e-03,codling_moth,0
2026-05-10,60.0,41.5,block-e-03,oriental_fruit_moth,0
2026-05-10,60.0,41.5,block-e-04,codling_moth,0
2026-05-10,60.0,41.5,block-e-04,oriental_fruit_moth,0
2026-05-11,62.9,46.0,block-a-01,codling_moth,0
2026-05-11,62.9,46.0,block-a-01,oriental_fruit_moth,0
2026-05-11,62.9,46.0,block-a-02,codling_moth,0
2026-05-11,62.9,46.0,block-a-02,oriental_fruit_moth,0
2026-05-11,62.9,46.0,block-a-03,codling_moth,0
2026-05-11,62.9,46.0,block-a-03,oriental_fruit_moth,0
2026-05-11,62.9,46.0,block-a-04,codling_moth,0
2026-05-11,62.9,46.0,block-a-04,oriental_fruit_moth,0
2026-05-11,62.9,46.0,block-b-01,codling_moth,0
2026-05-11,62.9,46.0,block-b-01,oriental_fruit_moth,0
2026-05-11,62.9,46.0,block-b-02,codling_moth,0
2026-05-11,62.9,46.0,block-b-02,oriental_fruit_moth,0
2026-05-11,62.9,46.0,block-b-03,codling_moth,0
2026-05-11,62.9,46.0,block-b-03,oriental_fruit_moth,1
2026-05-11,62.9,46.0,block-b-04,codling_moth,1
2026-05-11,62.9,46.0,block-b-04,oriental_fruit_moth,0
2026-05-11,62.9,46.0,block-c-01,codling_moth,0
2026-05-11,62.9,46.0,block-c-01,oriental_fruit_moth,0
2026-05-11,62.9,46.0,block-c-02,codling_moth,1
2026-05-11,62.9,46.0,block-c-02,oriental_fruit_moth,0
2026-05-11,62.9,46.0,block-c-03,codling_moth,0
2026-05-11,62.9,46.0,block-c-03,oriental_fruit_moth,0
2026-05-11,62.9,46.0,block-c-04,codling_moth,1
2026-05-11,62.9,46.0,block-c-04,oriental_fruit_moth,0
2026-05-11,62.9,46.0,block-d-01,codling_moth,0
2026-05-11,62.9,46.0,block-d-01,oriental_fruit_moth,0
2026-05-11,62.9,46.0,block-d-02,codling_moth,0
2026-05-11,62.9,46.0,block-d-02,oriental_fruit_moth,0
2026-05-11,62.9,46.0,block-d-03,codling_moth,0
2026-05-11,62.9,46.0,block-d-03,oriental_fruit_moth,0
2026-05-11,62.9,46.0,block-d-04,codling_moth,1
2026-05-11,62.9,46.0,block-d-04,oriental_fruit_moth,0
2026-05-11,62.9,46.0,block-e-01,codling_moth,0
2026-05-11,62.9,46.0,block-e-01,oriental_fruit_moth,0
2026-05-11,62.9,46.0,block-e-02,codling_moth,0
2026-05-11,62.9,46.0,block-e-02,oriental_fruit_moth,0
2026-05-11,62.9,46.0,block-e-03,codling_moth,0
2026-05-11,62.9,46.0,block-e-03,oriental_fruit_moth,0
2026-05-11,62.9,46.0,block-e-04,codling_moth,0
2026-05-11,62.9,46.0,block-e-04,oriental_fruit_moth,1
2026-05-12,64.7,45.0,block-a-01,codling_moth,0
2026-05-12,64.7,45.0,block-a-01,oriental_fruit_moth,0
2026-05-12,64.7,45.0,block-a-02,codling_moth,1
2026-05-12,64.7,45.0,block-a-02,oriental_fruit_moth,0
2026-05-12,64.7,45.0,block-a-03,codling_moth,0
2026-05-12,64.7,45.0,block-a-03,oriental_fruit_moth,0
2026-05-12,64.7,45.0,block-a-04,codling_moth,0
2026-05-12,64.7,45.0,block-a-04,oriental_fruit_moth,0
2026-05-12,64.7,45.0,block-b-01,codling_moth,0
2026-05-12,64.7,45.0,block-b-01,oriental_fruit_moth,0
2026-05-12,64.7,45.0,block-b-02,codling_moth,0
2026-05-12,64.7,45.0,block-b-02,oriental_fruit_moth,0
2026-05-12,64.7,45.0,block-b-03,codling_moth,0
2026-05-12,64.7,45.0,block-b-03,oriental_fruit_moth,0
2026-05-12,64.7,45.0,block-b-04,codling_moth,0
2026-05-12,64.7,45.0,block-b-04,oriental_fruit_moth,0
2026-05-12,64.7,45.0,block-c-01,codling_moth,1
2026-05-12,64.7,45.0,block-c-01,oriental_fruit_moth,0
2026-05-12,64.7,45.0,block-c-02,codling_moth,1
2026-05-12,64.7,45.0,block-c-02,oriental_fruit_moth,0
2026-05-12,64.7,45.0,block-c-03,codling_moth,0
2026-05-12,64.7,45.0,block-c-03,oriental_fruit_moth,0
2026-05-12,64.7,45.0,block-c-04,codling_moth,1
2026-05-12,64.7,45.0,block-c-04,oriental_fruit_moth,0
2026-05-12,64.7,45.0,block-d-01,codling_moth,0
2026-05-12,64.7,45.0,block-d-01,oriental_fruit_moth,0
2026-05-12,64.7,45.0,block-d-02,codling_moth,0
2026-05-12,64.7,45.0,block-d-02,oriental_fruit_moth,0
2026-05-12,64.7,45.0,block-d-03,codling_moth,0
2026-05-12,64.7,45.0,block-d-03,oriental_fruit_moth,0
2026-05-12,64.7,45.0,block-d-04,codling_moth,0
2026-05-12,64.7,45.0,block-d-04,oriental_fruit_moth,0
2026-05-12,64.7,45.0,block-e-01,codling_moth,0
2026-05-12,64.7,45.0,block-e-01,oriental_fruit_moth,0
2026-05-12,64.7,45.0,block-e-02,codling_moth,0
2026-05-12,64.7,45.0,block-e-02,oriental_fruit_moth,0
2026-05-12,64.7,45.0,block-e-03,codling_moth,0
2026-05-12,64.7,45.0,block-e-03,oriental_fruit_moth,1
2026-05-12,64.7,45.0,block-e-04,codling_moth,0
2026-05-12,64.7,45.0,block-e-04,oriental_fruit_moth,0
2026-05-13,65.7,47.6,block-a-01,codling_moth,0
2026-05-13,65.7,47.6,block-a-01,oriental_fruit_moth,0
2026-05-13,65.7,47.6,block-a-02,codling_moth,0
2026-05-13,65.7,47.6,block-a-02,oriental_fruit_moth,0
2026-05-13,65.7,47.6,block-a-03,codling_moth,0
2026-05-13,65.7,47.6,block-a-03,oriental_fruit_moth,0
2026-05-13,65.7,47.6,block-a-04,codling_moth,0
2026-05-13,65.7,47.6,block-a-04,oriental_fruit_moth,0
2026-05-13,65.7,47.6,block-b-01,codling_moth,0
2026-05-13,65.7,47.6,block-b-01,oriental_fruit_moth,0
2026-05-13,65.7,47.6,block-b-02,codling_moth,0
2026-05-13,65.7,47.6,block-b-02,oriental_fruit_moth,0
2026-05-13,65.7,47.6,block-b-03,codling_moth,0
2026-05-13,65.7,47.6,block-b-03,oriental_fruit_moth,0
2026-05-13,65.7,47.6,block-b-04,codling_moth,0
2026-05-13,65.7,47.6,block-b-04,oriental_fruit_moth,0
2026-05-13,65.7,47.6,block-c-01,codling_moth,0
2026-05-13,65.7,47.6,block-c-01,oriental_fruit_moth,0
2026-05-13,65.7,47.6,block-c-02,codling_moth,1
2026-05-13,65.7,47.6,block-c-02,oriental_fruit_moth,0
2026-05-13,65.7,47.6,block-c-03,codling_moth,1
2026-05-13,65.7,47.6,block-c-03,oriental_fruit_moth,0
2026-05-13,65.7,47.6,block-c-04,codling_moth,1
2026-05-13,65.7,47.6,block-c-04,oriental_fruit_moth,0
2026-05-13,65.7,47.6,block-d-01,codling_moth,0
2026-05-13,65.7,47.6,block-d-01,oriental_fruit_moth,0
2026-05-13,65.7,47.6,block-d-02,codling_moth,0
2026-05-13,65.7,47.6,block-d-02,oriental_fruit_moth,0
2026-05-13,65.7,47.6,block-d-03,codling_moth,0
2026-05-13,65.7,47.6,block-d-03,oriental_fruit_moth,0
2026-05-13,65.7,47.6,block-d-04,codling_moth,0
2026-05-13,65.7,47.6,block-d-04,oriental_fruit_moth,0
2026-05-13,65.7,47.6,block-e-01,codling_moth,0
2026-05-13,65.7,47.6,block-e-01,oriental_fruit_moth,0
2026-05-13,65.7,47.6,block-e-02,codling_moth,0
2026-05-13,65.7,47.6,block-e-02,oriental_fruit_moth,0
2026-05-13,65.7,47.6,block-e-03,codling_moth,0
2026-05-13,65.7,47.6,block-e-03,oriental_fruit_moth,0
2026-05-13,65.7,47.6,block-e-04,codling_moth,0
2026-05-13,65.7,47.6,block-e-04,oriental_fruit_moth,0
2026-05-14,64.9,43.9,block-a-01,codling_moth,0
2026-05-14,64.9,43.9,block-a-01,oriental_fruit_moth,0
2026-05-14,64.9,43.9,block-a-02,codling_moth,0
2026-05-14,64.9,43.9,block-a-02,oriental_fruit_moth,0
2026-05-14,64.9,43.9,block-a-03,codling_moth,0
2026-05-14,64.9,43.9,block-a-03,oriental_fruit_moth,0
2026-05-14,64.9,43.9,block-a-04,codling_moth,0
2026-05-14,64.9,43.9,block-a-04,oriental_fruit_moth,0
2026-05-14,64.9,43.9,block-b-01,codling_moth,0
2026-05-14,64.9,43.9,block-b-01,oriental_fruit_moth,0
2026-05-14,64.9,43.9,block-b-02,codling_moth,0
2026-05-14,64.9,43.9,block-b-02,oriental_fruit_moth,0
2026-05-14,64.9,43.9,block-b-03,codling_moth,1
2026-05-14,64.9,43.9,block-b-03,oriental_fruit_moth,0
2026-05-14,64.9,43.9,block-b-04,codling_moth,0
2026-05-14,64.9,43.9,block-b-04,oriental_fruit_moth,0
2026-05-14,64.9,43.9,block-c-01,codling_moth,0
2026-05-14,64.9,43.9,block-c-01,oriental_fruit_moth,0
2026-05-14,64.9,43.9,block-c-02,codling_moth,0
2026-05-14,64.9,43.9,block-c-02,oriental_fruit_moth,0
2026-05-14,64.9,43.9,block-c-03,codling_moth,1
2026-05-14,64.9,43.9,block-c-03,oriental_fruit_moth,0
2026-05-14,64.9,43.9,block-c-04,codling_moth,1
2026-05-14,64.9,43.9,block-c-04,oriental_fruit_moth,0
2026-05-14,64.9,43.9,block-d-01,codling_moth,0
2026-05-14,64.9,43.9,block-d-01,oriental_fruit_moth,0
2026-05-14,64.9,43.9,block-d-02,codling_moth,0
2026-05-14,64.9,43.9,block-d-02,oriental_fruit_moth,0
2026-05-14,64.9,43.9,block-d-03,codling_moth,1
2026-05-14,64.9,43.9,block-d-03,oriental_fruit_moth,0
2026-05-14,64.9,43.9,block-d-04,codling_moth,1
2026-05-14,64.9,43.9,block-d-04,oriental_fruit_moth,0
2026-05-14,64.9,43.9,block-e-01,codling_moth,0
2026-05-14,64.9,43.9,block-e-01,oriental_fruit_moth,0
2026-05-14,64.9,43.9,block-e-02,codling_moth,0
2026-05-14,64.9,43.9,block-e-02,oriental_fruit_moth,0
2026-05-14,64.9,43.9,block-e-03,codling_moth,0
2026-05-14,64.9,43.9,block-e-03,oriental_fruit_moth,1
2026-05-14,64.9,43.9,block-e-04,codling_moth,0
2026-05-14,64.9,43.9,block-e-04,oriental_fruit_moth,0
2026-05-15,65.9,49.8,block-a-01,codling_moth,1
2026-05-15,65.9,49.8,block-a-01,oriental_fruit_moth,0
2026-05-15,65.9,49.8,block-a-02,codling_moth,0
2026-05-15,65.9,49.8,block-a-02,oriental_fruit_moth,0
2026-05-15,65.9,49.8,block-a-03,codling_moth,0
2026-05-15,65.9,49.8,block-a-03,oriental_fruit_moth,1
2026-05-15,65.9,49.8,block-a-04,codling_moth,0
2026-05-15,65.9,49.8,block-a-04,oriental_fruit_moth,0
2026-05-15,65.9,49.8,block-b-01,codling_moth,0
2026-05-15,65.9,49.8,block-b-01,oriental_fruit_moth,1
2026-05-15,65.9,49.8,block-b-02,codling_moth,2
2026-05-15,65.9,49.8,block-b-02,oriental_fruit_moth,0
2026-05-15,65.9,49.8,block-b-03,codling_moth,3
2026-05-15,65.9,49.8,block-b-03,oriental_fruit_moth,0
2026-05-15,65.9,49.8,block-b-04,codling_moth,0
2026-05-15,65.9,49.8,block-b-04,oriental_fruit_moth,0
2026-05-15,65.9,49.8,block-c-01,codling_moth,0
2026-05-15,65.9,49.8,block-c-01,oriental_fruit_moth,0
2026-05-15,65.9,49.8,block-c-02,codling_moth,1
2026-05-15,65.9,49.8,block-c-02,oriental_fruit_moth,0
2026-05-15,65.9,49.8,block-c-03,codling_moth,1
2026-05-15,65.9,49.8,block-c-03,oriental_fruit_moth,0
2026-05-15,65.9,49.8,block-c-04,codling_moth,0
2026-05-15,65.9,49.8,block-c-04,oriental_fruit_moth,0
2026-05-15,65.9,49.8,block-d-01,codling_moth,0
2026-05-15,65.9,49.8,block-d-01,oriental_fruit_moth,0
2026-05-15,65.9,49.8,block-d-02,codling_moth,0
2026-05-15,65.9,49.8,block-d-02,oriental_fruit_moth,0
2026-05-15,65.9,49.8,block-d-03,codling_moth,1
2026-05-15,65.9,49.8,block-d-03,oriental_fruit_moth,0
2026-05-15,65.9,49.8,block-d-04,codling_moth,1
2026-05-15,65.9,49.8,block-d-04,oriental_fruit_moth,1
2026-05-15,65.9,49.8,block-e-01,codling_moth,0
2026-05-15,65.9,49.8,block-e-01,oriental_fruit_moth,0
2026-05-15,65.9,49.8,block-e-02,codling_moth,0
2026-05-15,65.9,49.8,block-e-02,oriental_fruit_moth,0
2026-05-15,65.9,49.8,block-e-03,codling_moth,0
2026-05-15,65.9,49.8,block-e-03,oriental_fruit_moth,0
2026-05-15,65.9,49.8,block-e-04,codling_moth,0
2026-05-15,65.9,49.8,block-e-04,oriental_fruit_moth,0
2026-05-16,68.7,49.7,block-a-01,codling_moth,1
2026-05-16,68.7,49.7,block-a-01,oriental_fruit_moth,0
2026-05-16,68.7,49.7,block-a-02,codling_moth,0
2026-05-16,68.7,49.7,block-a-02,oriental_fruit_moth,0
2026-05-16,68.7,49.7,block-a-03,codling_moth,0
2026-05-16,68.7,49.7,block-a-03,oriental_fruit_moth,0
2026-05-16,68.7,49.7,block-a-04,codling_moth,0
2026-05-16,68.7,49.7,block-a-04,oriental_fruit_moth,0
2026-05-16,68.7,49.7,block-b-01,codling_moth,3
2026-05-16,68.7,49.7,block-b-01,oriental_fruit_moth,0
2026-05-16,68.7,49.7,block-b-02,codling_moth,2
2026-05-16,68.7,49.7,block-b-02,oriental_fruit_moth,0
2026-05-16,68.7,49.7,block-b-03,codling_moth,6
2026-05-16,68.7,49.7,block-b-03,oriental_fruit_moth,0
2026-05-16,68.7,49.7,block-b-04,codling_moth,0
2026-05-16,68.7,49.7,block-b-04,oriental_fruit_moth,0
2026-05-16,68.7,49.7,block-c-01,codling_moth,0
2026-05-16,68.7,49.7,block-c-01,oriental_fruit_moth,0
2026-05-16,68.7,49.7,block-c-02,codling_moth,2
2026-05-16,68.7,49.7,block-c-02,oriental_fruit_moth,0
2026-05-16,68.7,49.7,block-c-03,codling_moth,3
2026-05-16,68.7,49.7,block-c-03,oriental_fruit_moth,0
2026-05-16,68.7,49.7,block-c-04,codling_moth,0
2026-05-16,68.7,49.7,block-c-04,oriental_fruit_moth,0
2026-05-16,68.7,49.7,block-d-01,codling_moth,0
2026-05-16,68.7,49.7,block-d-01,oriental_fruit_moth,0
2026-05-16,68.7,49.7,block-d-02,codling_moth,0
2026-05-16,68.7,49.7,block-d-02,oriental_fruit_moth,1
2026-05-16,68.7,49.7,block-d-03,codling_moth,1
2026-05-16,68.7,49.7,block-d-03,oriental_fruit_moth,0
2026-05-16,68.7,49.7,block-d-04,codling_moth,2
2026-05-16,68.7,49.7,block-d-04,oriental_fruit_moth,0
2026-05-16,68.7,49.7,block-e-01,codling_moth,0
2026-05-16,68.7,49.7,block-e-01,oriental_fruit_moth,0
2026-05-16,68.7,49.7,block-e-02,codling_moth,0
2026-05-16,68.7,49.7,block-e-02,oriental_fruit_moth,0
2026-05-16,68.7,49.7,block-e-03,codling_moth,0
2026-05-16,68.7,49.7,block-e-03,oriental_fruit_moth,1
2026-05-16,68.7,49.7,block-e-04,codling_moth,0
2026-05-16,68.7,49.7,block-e-04,oriental_fruit_moth,0
2026-05-17,71.7,54.8,block-a-01,codling_moth,0
2026-05-17,71.7,54.8,block-a-01,oriental_fruit_moth,0
2026-05-17,71.7,54.8,block-a-02,codling_moth,0
2026-05-17,71.7,54.8,block-a-02,oriental_fruit_moth,0
2026-05-17,71.7,54.8,block-a-03,codling_moth,0
2026-05-17,71.7,54.8,block-a-03,oriental_fruit_moth,0
2026-05-17,71.7,54.8,block-a-04,codling_moth,3
2026-05-17,71.7,54.8,block-a-04,oriental_fruit_moth,0
2026-05-17,71.7,54.8,block-b-01,codling_moth,0
2026-05-17,71.7,54.8,block-b-01,oriental_fruit_moth,0
2026-05-17,71.7,54.8,block-b-02,codling_moth,1
2026-05-17,71.7,54.8,block-b-02,oriental_fruit_moth,1
2026-05-17,71.7,54.8,block-b-03,codling_moth,1
2026-05-17,71.7,54.8,block-b-03,oriental_fruit_moth,0
2026-05-17,71.7,54.8,block-b-04,codling_moth,0
2026-05-17,71.7,54.8,block-b-04,oriental_fruit_moth,0
2026-05-17,71.7,54.8,block-c-01,codling_moth,0
2026-05-17,71.7,54.8,block-c-01,oriental_fruit_moth,0
2026-05-17,71.7,54.8,block-c-02,codling_moth,2
2026-05-17,71.7,54.8,block-c-02,oriental_fruit_moth,0
2026-05-17,71.7,54.8,block-c-03,codling_moth,2
2026-05-17,71.7,54.8,block-c-03,oriental_fruit_moth,0
2026-05-17,71.7,54.8,block-c-04,codling_moth,5
2026-05-17,71.7,54.8,block-c-04,oriental_fruit_moth,0
2026-05-17,71.7,54.8,block-d-01,codling_moth,1
2026-05-17,71.7,54.8,block-d-01,oriental_fruit_moth,0
2026-05-17,71.7,54.8,block-d-02,codling_moth,0
2026-05-17,71.7,54.8,block-d-02,oriental_fruit_moth,0
2026-05-17,71.7,54.8,block-d-03,codling_moth,0
2026-05-17,71.7,54.8,block-d-03,oriental_fruit_moth,0
2026-05-17,71.7,54.8,block-d-04,codling_moth,0
2026-05-17,71.7,54.8,block-d-04,oriental_fruit_moth,0
2026-05-17,71.7,54.8,block-e-01,codling_moth,0
2026-05-17,71.7,54.8,block-e-01,oriental_fruit_moth,0
2026-05-17,71.7,54.8,block-e-02,codling_moth,0
2026-05-17,71.7,54.8,block-e-02,oriental_fruit_moth,0
2026-05-17,71.7,54.8,block-e-03,codling_moth,1
2026-05-17,71.7,54.8,block-e-03,oriental_fruit_moth,0
2026-05-17,71.7,54.8,block-e-04,codling_moth,0
2026-05-17,71.7,54.8,block-e-04,oriental_fruit_moth,0
2026-05-18,74.6,57.8,block-a-01,codling_moth,0
2026-05-18,74.6,57.8,block-a-01,oriental_fruit_moth,0
2026-05-18,74.6,57.8,block-a-02,codling_moth,0
2026-05-18,74.6,57.8,block-a-02,oriental_fruit_moth,0
2026-05-18,74.6,57.8,block-a-03,codling_moth,0
2026-05-18,74.6,57.8,block-a-03,oriental_fruit_moth,0
2026-05-18,74.6,57.8,block-a-04,codling_moth,1
2026-05-18,74.6,57.8,block-a-04,oriental_fruit_moth,0
2026-05-18,74.6,57.8,block-b-01,codling_moth,1
2026-05-18,74.6,57.8,block-b-01,oriental_fruit_moth,0
2026-05-18,74.6,57.8,block-b-02,codling_moth,2
2026-05-18,74.6,57.8,block-b-02,oriental_fruit_moth,0
2026-05-18,74.6,57.8,block-b-03,codling_moth,3
2026-05-18,74.6,57.8,block-b-03,oriental_fruit_moth,0
2026-05-18,74.6,57.8,block-b-04,codling_moth,1
2026-05-18,74.6,57.8,block-b-04,oriental_fruit_moth,0
2026-05-18,74.6,57.8,block-c-01,codling_moth,0
2026-05-18,74.6,57.8,block-c-01,oriental_fruit_moth,0
2026-05-18,74.6,57.8,block-c-02,codling_moth,3
2026-05-18,74.6,57.8,block-c-02,oriental_fruit_moth,0
2026-05-18,74.6,57.8,block-c-03,codling_moth,2
2026-05-18,74.6,57.8,block-c-03,oriental_fruit_moth,0
2026-05-18,74.6,57.8,block-c-04,codling_moth,0
2026-05-18,74.6,57.8,block-c-04,oriental_fruit_moth,0
2026-05-18,74.6,57.8,block-d-01,codling_moth,1
2026-05-18,74.6,57.8,block-d-01,oriental_fruit_moth,0
2026-05-18,74.6,57.8,block-d-02,codling_moth,0
2026-05-18,74.6,57.8,block-d-02,oriental_fruit_moth,0
2026-05-18,74.6,57.8,block-d-03,codling_moth,1
2026-05-18,74.6,57.8,block-d-03,oriental_fruit_moth,0
2026-05-18,74.6,57.8,block-d-04,codling_moth,0
2026-05-18,74.6,57.8,block-d-04,oriental_fruit_moth,0
2026-05-18,74.6,57.8,block-e-01,codling_moth,0
2026-05-18,74.6,57.8,block-e-01,oriental_fruit_moth,0
2026-05-18,74.6,57.8,block-e-02,codling_moth,3
2026-05-18,74.6,57.8,block-e-02,oriental_fruit_moth,0
2026-05-18,74.6,57.8,block-e-03,codling_moth,1
2026-05-18,74.6,57.8,block-e-03,oriental_fruit_moth,0
2026-05-18,74.6,57.8,block-e-04,codling_moth,0
2026-05-18,74.6,57.8,block-e-04,oriental_fruit_moth,0
2026-05-19,76.9,56.1,block-a-01,codling_moth,2
2026-05-19,76.9,56.1,block-a-01,oriental_fruit_moth,0
2026-05-19,76.9,56.1,block-a-02,codling_moth,0
2026-05-19,76.9,56.1,block-a-02,oriental_fruit_moth,0
2026-05-19,76.9,56.1,block-a-03,codling_moth,1
2026-05-19,76.9,56.1,block-a-03,oriental_fruit_moth,0
2026-05-19,76.9,56.1,block-a-04,codling_moth,3
2026-05-19,76.9,56.1,block-a-04,oriental_fruit_moth,0
2026-05-19,76.9,56.1,block-b-01,codling_moth,1
2026-05-19,76.9,56.1,block-b-01,oriental_fruit_moth,0
2026-05-19,76.9,56.1,block-b-02,codling_moth,3
2026-05-19,76.9,56.1,block-b-02,oriental_fruit_moth,0
2026-05-19,76.9,56.1,block-b-03,codling_moth,2
2026-05-19,76.9,56.1,block-b-03,oriental_fruit_moth,0
2026-05-19,76.9,56.1,block-b-04,codling_moth,0
2026-05-19,76.9,56.1,block-b-04,oriental_fruit_moth,0
2026-05-19,76.9,56.1,block-c-01,codling_moth,3
2026-05-19,76.9,56.1,block-c-01,oriental_fruit_moth,0
2026-05-19,76.9,56.1,block-c-02,codling_moth,2
2026-05-19,76.9,56.1,block-c-02,oriental_fruit_moth,0
2026-05-19,76.9,56.1,block-c-03,codling_moth,2
2026-05-19,76.9,56.1,block-c-03,oriental_fruit_moth,0
2026-05-19,76.9,56.1,block-c-04,codling_moth,3
2026-05-19,76.9,56.1,block-c-04,oriental_fruit_moth,0
2026-05-19,76.9,56.1,block-d-01,codling_moth,1
2026-05-19,76.9,56.1,block-d-01,oriental_fruit_moth,0
2026-05-19,76.9,56.1,block-d-02,codling_moth,1
2026-05-19,76.9,56.1,block-d-02,oriental_fruit_moth,0
2026-05-19,76.9,56.1,block-d-03,codling_moth,3
2026-05-19,76.9,56.1,block-d-03,oriental_fruit_moth,0
2026-05-19,76.9,56.1,block-d-04,codling_moth,2
2026-05-19,76.9,56.1,block-d-04,oriental_fruit_moth,0
2026-05-19,76.9,56.1,block-e-01,codling_moth,2
2026-05-19,76.9,56.1,block-e-01,oriental_fruit_moth,0
2026-05-19,76.9,56.1,block-e-02,codling_moth,2
2026-05-19,76.9,56.1,block-e-02,oriental_fruit_moth,0
2026-05-19,76.9,56.1,block-e-03,codling_moth,0
2026-05-19,76.9,56.1,block-e-03,oriental_fruit_moth,0
2026-05-19,76.9,56.1,block-e-04,codling_moth,1
2026-05-19,76.9,56.1,block-e-04,oriental_fruit_moth,0
2026-05-20,76.2,55.2,block-a-01,codling_moth,1
2026-05-20,76.2,55.2,block-a-01,oriental_fruit_moth,0
2026-05-20,76.2,55.2,block-a-02,codling_moth,1
2026-05-20,76.2,55.2,block-a-02,oriental_fruit_moth,0
2026-05-20,76.2,55.2,block-a-03,codling_moth,1
2026-05-20,76.2,55.2,block-a-03,oriental_fruit_moth,0
2026-05-20,76.2,55.2,block-a-04,codling_moth,0
2026-05-20,76.2,55.2,block-a-04,oriental_fruit_moth,0
2026-05-20,76.2,55.2,block-b-01,codling_moth,3
2026-05-20,76.2,55.2,block-b-01,oriental_fruit_moth,0
2026-05-20,76.2,55.2,block-b-02,codling_moth,3
2026-05-20,76.2,55.2,block-b-02,oriental_fruit_moth,0
2026-05-20,76.2,55.2,block-b-03,codling_moth,4
2026-05-20,76.2,55.2,block-b-03,oriental_fruit_moth,0
2026-05-20,76.2,55.2,block-b-04,codling_moth,2
2026-05-20,76.2,55.2,block-b-04,oriental_fruit_moth,0
2026-05-20,76.2,55.2,block-c-01,codling_moth,0
2026-05-20,76.2,55.2,block-c-01,oriental_fruit_moth,0
2026-05-20,76.2,55.2,block-c-02,codling_moth,2
2026-05-20,76.2,55.2,block-c-02,oriental_fruit_moth,0
2026-05-20,76.2,55.2,block-c-03,codling_moth,4
2026-05-20,76.2,55.2,block-c-03,oriental_fruit_moth,0
2026-05-20,76.2,55.2,block-c-04,codling_moth,1
2026-05-20,76.2,55.2,block-c-04,oriental_fruit_moth,0
2026-05-20,76.2,55.2,block-d-01,codling_moth,0
2026-05-20,76.2,55.2,block-d-01,oriental_fruit_moth,0
2026-05-20,76.2,55.2,block-d-02,codling_moth,2
2026-05-20,76.2,55.2,block-d-02,oriental_fruit_moth,0
2026-05-20,76.2,55.2,block-d-03,codling_moth,1
2026-05-20,76.2,55.2,block-d-03,oriental_fruit_moth,0
2026-05-20,76.2,55.2,block-d-04,codling_moth,2
2026-05-20,76.2,55.2,block-d-04,oriental_fruit_moth,0
2026-05-20,76.2,55.2,block-e-01,codling_moth,0
2026-05-20,76.2,55.2,block-e-01,oriental_fruit_moth,0
2026-05-20,76.2,55.2,block-e-02,codling_moth,1
2026-05-20,76.2,55.2,block-e-02,oriental_fruit_moth,0
2026-05-20,76.2,55.2,block-e-03,codling_moth,0
2026-05-20,76.2,55.2,block-e-03,oriental_fruit_moth,0
2026-05-20,76.2,55.2,block-e-04,codling_moth,0
2026-05-20,76.2,55.2,block-e-04,oriental_fruit_moth,0
2026-05-21,76.6,58.9,block-a-01,codling_moth,3
2026-05-21,76.6,58.9,block-a-01,oriental_fruit_moth,0
2026-05-21,76.6,58.9,block-a-02,codling_moth,1
2026-05-21,76.6,58.9,block-a-02,oriental_fruit_moth,0
2026-05-21,76.6,58.9,block-a-03,codling_moth,1
2026-05-21,76.6,58.9,block-a-03,oriental_fruit_moth,0
2026-05-21,76.6,58.9,block-a-04,codling_moth,1
2026-05-21,76.6,58.9,block-a-04,oriental_fruit_moth,0
2026-05-21,76.6,58.9,block-b-01,codling_moth,4
2026-05-21,76.6,58.9,block-b-01,oriental_fruit_moth,0
2026-05-21,76.6,58.9,block-b-02,codling_moth,3
2026-05-21,76.6,58.9,block-b-02,oriental_fruit_moth,0
2026-05-21,76.6,58.9,block-b-03,codling_moth,3
2026-05-21,76.6,58.9,block-b-03,oriental_fruit_moth,0
2026-05-21,76.6,58.9,block-b-04,codling_moth,0
2026-05-21,76.6,58.9,block-b-04,oriental_fruit_moth,0
2026-05-21,76.6,58.9,block-c-01,codling_moth,1
2026-05-21,76.6,58.9,block-c-01,oriental_fruit_moth,0
2026-05-21,76.6,58.9,block-c-02,codling_moth,2
2026-05-21,76.6,58.9,block-c-02,oriental_fruit_moth,0
2026-05-21,76.6,58.9,block-c-03,codling_moth,1
2026-05-21,76.6,58.9,block-c-03,oriental_fruit_moth,0
2026-05-21,76.6,58.9,block-c-04,codling_moth,2
2026-05-21,76.6,58.9,block-c-04,oriental_fruit_moth,0
2026-05-21,76.6,58.9,block-d-01,codling_moth,3
2026-05-21,76.6,58.9,block-d-01,oriental_fruit_moth,0
2026-05-21,76.6,58.9,block-d-02,codling_moth,1
2026-05-21,76.6,58.9,block-d-02,oriental_fruit_moth,0
2026-05-21,76.6,58.9,block-d-03,codling_moth,2
2026-05-21,76.6,58.9,block-d-03,oriental_fruit_moth,0
2026-05-21,76.6,58.9,block-d-04,codling_moth,2
2026-05-21,76.6,58.9,block-d-04,oriental_fruit_moth,0
2026-05-21,76.6,58.9,block-e-01,codling_moth,2
2026-05-21,76.6,58.9,block-e-01,oriental_fruit_moth,0
2026-05-21,76.6,58.9,block-e-02,codling_moth,1
2026-05-21,76.6,58.9,block-e-02,oriental_fruit_moth,0
2026-05-21,76.6,58.9,block-e-03,codling_moth,2
2026-05-21,76.6,58.9,block-e-03,oriental_fruit_moth,0
2026-05-21,76.6,58.9,block-e-04,codling_moth,0
2026-05-21,76.6,58.9,block-e-04,oriental_fruit_moth,0
2026-05-22,71.2,52.7,block-a-01,codling_moth,0
2026-05-22,71.2,52.7,block-a-01,oriental_fruit_moth,0
2026-05-22,71.2,52.7,block-a-02,codling_moth,5
2026-05-22,71.2,52.7,block-a-02,oriental_fruit_moth,0
2026-05-22,71.2,52.7,block-a-03,codling_moth,4
2026-05-22,71.2,52.7,block-a-03,oriental_fruit_moth,0
2026-05-22,71.2,52.7,block-a-04,codling_moth,6
2026-05-22,71.2,52.7,block-a-04,oriental_fruit_moth,0
2026-05-22,71.2,52.7,block-b-01,codling_moth,1
2026-05-22,71.2,52.7,block-b-01,oriental_fruit_moth,0
2026-05-22,71.2,52.7,block-b-02,codling_moth,3
2026-05-22,71.2,52.7,block-b-02,oriental_fruit_moth,0
2026-05-22,71.2,52.7,block-b-03,codling_moth,6
2026-05-22,71.2,52.7,block-b-03,oriental_fruit_moth,0
2026-05-22,71.2,52.7,block-b-04,codling_moth,3
2026-05-22,71.2,52.7,block-b-04,oriental_fruit_moth,0
2026-05-22,71.2,52.7,block-c-01,codling_moth,2
2026-05-22,71.2,52.7,block-c-01,oriental_fruit_moth,0
2026-05-22,71.2,52.7,block-c-02,codling_moth,2
2026-05-22,71.2,52.7,block-c-02,oriental_fruit_moth,0
2026-05-22,71.2,52.7,block-c-03,codling_moth,2
2026-05-22,71.2,52.7,block-c-03,oriental_fruit_moth,0
2026-05-22,71.2,52.7,block-c-04,codling_moth,4
2026-05-22,71.2,52.7,block-c-04,oriental_fruit_moth,0
2026-05-22,71.2,52.7,block-d-01,codling_moth,2
2026-05-22,71.2,52.7,block-d-01,oriental_fruit_moth,0
2026-05-22,71.2,52.7,block-d-02,codling_moth,3
2026-05-22,71.2,52.7,block-d-02,oriental_fruit_moth,0
2026-05-22,71.2,52.7,block-d-03,codling_moth,3
2026-05-22,71.2,52.7,block-d-03,oriental_fruit_moth,0
2026-05-22,71.2,52.7,block-d-04,codling_moth,3
2026-05-22,71.2,52.7,block-d-04,oriental_fruit_moth,0
2026-05-22,71.2,52.7,block-e-01,codling_moth,3
2026-05-22,71.2,52.7,block-e-01,oriental_fruit_moth,0
2026-05-22,71.2,52.7,block-e-02,codling_moth,1
2026-05-22,71.2,52.7,block-e-02,oriental_fruit_moth,0
2026-05-22,71.2,52.7,block-e-03,codling_moth,2
2026-05-22,71.2,52.7,block-e-03,oriental_fruit_moth,0
2026-05-22,71.2,52.7,block-e-04,codling_moth,2
2026-05-22,71.2,52.7,block-e-04,oriental_fruit_moth,0
2026-05-23,72.7,53.0,block-a-01,codling_moth,2
2026-05-23,72.7,53.0,block-a-01,oriental_fruit_moth,0
2026-05-23,72.7,53.0,block-a-02,codling_moth,2
2026-05-23,72.7,53.0,block-a-02,oriental_fruit_moth,0
2026-05-23,72.7,53.0,block-a-03,codling_moth,2
2026-05-23,72.7,53.0,block-a-03,oriental_fruit_moth,0
2026-05-23,72.7,53.0,block-a-04,codling_moth,3
2026-05-23,72.7,53.0,block-a-04,oriental_fruit_moth,0
2026-05-23,72.7,53.0,block-b-01,codling_moth,1
2026-05-23,72.7,53.0,block-b-01,oriental_fruit_moth,0
2026-05-23,72.7,53.0,block-b-02,codling_moth,2
2026-05-23,72.7,53.0,block-b-02,oriental_fruit_moth,0
2026-05-23,72.7,53.0,block-b-03,codling_moth,3
2026-05-23,72.7,53.0,block-b-03,oriental_fruit_moth,1
2026-05-23,72.7,53.0,block-b-04,codling_moth,2
2026-05-23,72.7,53.0,block-b-04,oriental_fruit_moth,0
2026-05-23,72.7,53.0,block-c-01,codling_moth,3
2026-05-23,72.7,53.0,block-c-01,oriental_fruit_moth,0
2026-05-23,72.7,53.0,block-c-02,codling_moth,2
2026-05-23,72.7,53.0,block-c-02,oriental_fruit_moth,0
2026-05-23,72.7,53.0,block-c-03,codling_moth,2
2026-05-23,72.7,53.0,block-c-03,oriental_fruit_moth,0
2026-05-23,72.7,53.0,block-c-04,codling_moth,1
2026-05-23,72.7,53.0,block-c-04,oriental_fruit_moth,1
2026-05-23,72.7,53.0,block-d-01,codling_moth,1
2026-05-23,72.7,53.0,block-d-01,oriental_fruit_moth,0
2026-05-23,72.7,53.0,block-d-02,codling_moth,0
2026-05-23,72.7,53.0,block-d-02,oriental_fruit_moth,1
2026-05-23,72.7,53.0,block-d-03,codling_moth,1
2026-05-23,72.7,53.0,block-d-03,oriental_fruit_moth,0
2026-05-23,72.7,53.0,block-d-04,codling_moth,4
2026-05-23,72.7,53.0,block-d-04,oriental_fruit_moth,0
2026-05-23,72.7,53.0,block-e-01,codling_moth,2
2026-05-23,72.7,53.0,block-e-01,oriental_fruit_moth,0
2026-05-23,72.7,53.0,block-e-02,codling_moth,2
2026-05-23,72.7,53.0,block-e-02,oriental_fruit_moth,0
2026-05-23,72.7,53.0,block-e-03,codling_moth,3
2026-05-23,72.7,53.0,block-e-03,oriental_fruit_moth,0
2026-05-23,72.7,53.0,block-e-04,codling_moth,0
2026-05-23,72.7,53.0,block-e-04,oriental_fruit_moth,0
2026-05-24,75.3,53.5,block-a-01,codling_moth,1
2026-05-24,75.3,53.5,block-a-01,oriental_fruit_moth,0
2026-05-24,75.3,53.5,block-a-02,codling_moth,5
2026-05-24,75.3,53.5,block-a-02,oriental_fruit_moth,0
2026-05-24,75.3,53.5,block-a-03,codling_moth,2
2026-05-24,75.3,53.5,block-a-03,oriental_fruit_moth,0
2026-05-24,75.3,53.5,block-a-04,codling_moth,2
2026-05-24,75.3,53.5,block-a-04,oriental_fruit_moth,0
2026-05-24,75.3,53.5,block-b-01,codling_moth,1
2026-05-24,75.3,53.5,block-b-01,oriental_fruit_moth,0
2026-05-24,75.3,53.5,block-b-02,codling_moth,4
2026-05-24,75.3,53.5,block-b-02,oriental_fruit_moth,0
2026-05-24,75.3,53.5,block-b-03,codling_moth,1
2026-05-24,75.3,53.5,block-b-03,oriental_fruit_moth,0
2026-05-24,75.3,53.5,block-b-04,codling_moth,0
2026-05-24,75.3,53.5,block-b-04,oriental_fruit_moth,0
2026-05-24,75.3,53.5,block-c-01,codling_moth,1
2026-05-24,75.3,53.5,block-c-01,oriental_fruit_moth,0
2026-05-24,75.3,53.5,block-c-02,codling_moth,5
2026-05-24,75.3,53.5,block-c-02,oriental_fruit_moth,0
2026-05-24,75.3,53.5,block-c-03,codling_moth,0
2026-05-24,75.3,53.5,block-c-03,oriental_fruit_moth,0
2026-05-24,75.3,53.5,block-c-04,codling_moth,3
2026-05-24,75.3,53.5,block-c-04,oriental_fruit_moth,0
2026-05-24,75.3,53.5,block-d-01,codling_moth,2
2026-05-24,75.3,53.5,block-d-01,oriental_fruit_moth,0
2026-05-24,75.3,53.5,block-d-02,codling_moth,5
2026-05-24,75.3,53.5,block-d-02,oriental_fruit_moth,0
2026-05-24,75.3,53.5,block-d-03,codling_moth,2
2026-05-24,75.3,53.5,block-d-03,oriental_fruit_moth,0
2026-05-24,75.3,53.5,block-d-04,codling_moth,3
2026-05-24,75.3,53.5,block-d-04,oriental_fruit_moth,0
2026-05-24,75.3,53.5,block-e-01,codling_moth,1
2026-05-24,75.3,53.5,block-e-01,oriental_fruit_moth,1
2026-05-24,75.3,53.5,block-e-02,codling_moth,1
2026-05-24,75.3,53.5,block-e-02,oriental_fruit_moth,0
2026-05-24,75.3,53.5,block-e-03,codling_moth,6
2026-05-24,75.3,53.5,block-e-03,oriental_fruit_moth,0
2026-05-24,75.3,53.5,block-e-04,codling_moth,1
2026-05-24,75.3,53.5,block-e-04,oriental_fruit_moth,0
2026-05-25,74.5,58.3,block-a-01,codling_moth,2
2026-05-25,74.5,58.3,block-a-01,oriental_fruit_moth,0
2026-05-25,74.5,58.3,block-a-02,codling_moth,6
2026-05-25,74.5,58.3,block-a-02,oriental_fruit_moth,0
2026-05-25,74.5,58.3,block-a-03,codling_moth,3
2026-05-25,74.5,58.3,block-a-03,oriental_fruit_moth,0
2026-05-25,74.5,58.3,block-a-04,codling_moth,5
2026-05-25,74.5,58.3,block-a-04,oriental_fruit_moth,0
2026-05-25,74.5,58.3,block-b-01,codling_moth,4
2026-05-25,74.5,58.3,block-b-01,oriental_fruit_moth,0
2026-05-25,74.5,58.3,block-b-02,codling_moth,5
2026-05-25,74.5,58.3,block-b-02,oriental_fruit_moth,0
2026-05-25,74.5,58.3,block-b-03,codling_moth,3
2026-05-25,74.5,58.3,block-b-03,oriental_fruit_moth,0
2026-05-25,74.5,58.3,block-b-04,codling_moth,4
2026-05-25,74.5,58.3,block-b-04,oriental_fruit_moth,0
2026-05-25,74.5,58.3,block-c-01,codling_moth,1
2026-05-25,74.5,58.3,block-c-01,oriental_fruit_moth,0
2026-05-25,74.5,58.3,block-c-02,codling_moth,2
2026-05-25,74.5,58.3,block-c-02,oriental_fruit_moth,0
2026-05-25,74.5,58.3,block-c-03,codling_moth,3
2026-05-25,74.5,58.3,block-c-03,oriental_fruit_moth,0
2026-05-25,74.5,58.3,block-c-04,codling_moth,1
2026-05-25,74.5,58.3,block-c-04,oriental_fruit_moth,0
2026-05-25,74.5,58.3,block-d-01,codling_moth,0
2026-05-25,74.5,58.3,block-d-01,oriental_fruit_moth,1
2026-05-25,74.5,58.3,block-d-02,codling_moth,2
2026-05-25,74.5,58.3,block-d-02,oriental_fruit_moth,0
2026-05-25,74.5,58.3,block-d-03,codling_moth,5
2026-05-25,74.5,58.3,block-d-03,oriental_fruit_moth,0
2026-05-25,74.5,58.3,block-d-04,codling_moth,2
2026-05-25,74.5,58.3,block-d-04,oriental_fruit_moth,0
2026-05-25,74.5,58.3,block-e-01,codling_moth,2
2026-05-25,74.5,58.3,block-e-01,oriental_fruit_moth,0
2026-05-25,74.5,58.3,block-e-02,codling_moth,1
2026-05-25,74.5,58.3,block-e-02,oriental_fruit_moth,0
2026-05-25,74.5,58.3,block-e-03,codling_moth,2
2026-05-25,74.5,58.3,block-e-03,oriental_fruit_moth,0
2026-05-25,74.5,58.3,block-e-04,codling_moth,1
2026-05-25,74.5,58.3,block-e-04,oriental_fruit_moth,0
2026-05-26,76.5,55.1,block-a-01,codling_moth,0
2026-05-26,76.5,55.1,block-a-01,oriental_fruit_moth,0
2026-05-26,76.5,55.1,block-a-02,codling_moth,2
2026-05-26,76.5,55.1,block-a-02,oriental_fruit_moth,0
2026-05-26,76.5,55.1,block-a-03,codling_moth,1
2026-05-26,76.5,55.1,block-a-03,oriental_fruit_moth,0
2026-05-26,76.5,55.1,block-a-04,codling_moth,2
2026-05-26,76.5,55.1,block-a-04,oriental_fruit_moth,0
2026-05-26,76.5,55.1,block-b-01,codling_moth,7
2026-05-26,76.5,55.1,block-b-01,oriental_fruit_moth,1
2026-05-26,76.5,55.1,block-b-02,codling_moth,5
2026-05-26,76.5,55.1,block-b-02,oriental_fruit_moth,0
2026-05-26,76.5,55.1,block-b-03,codling_moth,0
2026-05-26,76.5,55.1,block-b-03,oriental_fruit_moth,0
2026-05-26,76.5,55.1,block-b-04,codling_moth,2
2026-05-26,76.5,55.1,block-b-04,oriental_fruit_moth,0
2026-05-26,76.5,55.1,block-c-01,codling_moth,2
2026-05-26,76.5,55.1,block-c-01,oriental_fruit_moth,0
2026-05-26,76.5,55.1,block-c-02,codling_moth,3
2026-05-26,76.5,55.1,block-c-02,oriental_fruit_moth,0
2026-05-26,76.5,55.1,block-c-03,codling_moth,2
2026-05-26,76.5,55.1,block-c-03,oriental_fruit_moth,0
2026-05-26,76.5,55.1,block-c-04,codling_moth,6
2026-05-26,76.5,55.1,block-c-04,oriental_fruit_moth,0
2026-05-26,76.5,55.1,block-d-01,codling_moth,1
2026-05-26,76.5,55.1,block-d-01,oriental_fruit_moth,0
2026-05-26,76.5,55.1,block-d-02,codling_moth,0
2026-05-26,76.5,55.1,block-d-02,oriental_fruit_moth,0
2026-05-26,76.5,55.1,block-d-03,codling_moth,3
2026-05-26,76.5,55.1,block-d-03,oriental_fruit_moth,0
2026-05-26,76.5,55.1,block-d-04,codling_moth,1
2026-05-26,76.5,55.1,block-d-04,oriental_fruit_moth,0
2026-05-26,76.5,55.1,block-e-01,codling_moth,3
2026-05-26,76.5,55.1,block-e-01,oriental_fruit_moth,0
2026-05-26,76.5,55.1,block-e-02,codling_moth,3
2026-05-26,76.5,55.1,block-e-02,oriental_fruit_moth,0
2026-05-26,76.5,55.1,block-e-03,codling_moth,2
2026-05-26,76.5,55.1,block-e-03,oriental_fruit_moth,0
2026-05-26,76.5,55.1,block-e-04,codling_moth,3
2026-05-26,76.5,55.1,block-e-04,oriental_fruit_moth,0
2026-05-27,77.0,56.2,block-a-01,codling_moth,1
2026-05-27,77.0,56.2,block-a-01,oriental_fruit_moth,0
2026-05-27,77.0,56.2,block-a-02,codling_moth,3
2026-05-27,77.0,56.2,block-a-02,oriental_fruit_moth,0
2026-05-27,77.0,56.2,block-a-03,codling_moth,1
2026-05-27,77.0,56.2,block-a-03,oriental_fruit_moth,0
2026-05-27,77.0,56.2,block-a-04,codling_moth,2
2026-05-27,77.0,56.2,block-a-04,oriental_fruit_moth,1
2026-05-27,77.0,56.2,block-b-01,codling_moth,2
2026-05-27,77.0,56.2,block-b-01,oriental_fruit_moth,0
2026-05-27,77.0,56.2,block-b-02,codling_moth,2
2026-05-27,77.0,56.2,block-b-02,oriental_fruit_moth,0
2026-05-27,77.0,56.2,block-b-03,codling_moth,5
2026-05-27,77.0,56.2,block-b-03,oriental_fruit_moth,0
2026-05-27,77.0,56.2,block-b-04,codling_moth,2
2026-05-27,77.0,56.2,block-b-04,oriental_fruit_moth,0
2026-05-27,77.0,56.2,block-c-01,codling_moth,3
2026-05-27,77.0,56.2,block-c-01,oriental_fruit_moth,0
2026-05-27,77.0,56.2,block-c-02,codling_moth,4
2026-05-27,77.0,56.2,block-c-02,oriental_fruit_moth,0
2026-05-27,77.0,56.2,block-c-03,codling_moth,1
2026-05-27,77.0,56.2,block-c-03,oriental_fruit_moth,0
2026-05-27,77.0,56.2,block-c-04,codling_moth,4
2026-05-27,77.0,56.2,block-c-04,oriental_fruit_moth,0
2026-05-27,77.0,56.2,block-d-01,codling_moth,2
2026-05-27,77.0,56.2,block-d-01,oriental_fruit_moth,0
2026-05-27,77.0,56.2,block-d-02,codling_moth,3
2026-05-27,77.0,56.2,block-d-02,oriental_fruit_moth,0
2026-05-27,77.0,56.2,block-d-03,codling_moth,5
2026-05-27,77.0,56.2,block-d-03,oriental_fruit_moth,1
2026-05-27,77.0,56.2,block-d-04,codling_moth,3
2026-05-27,77.0,56.2,block-d-04,oriental_fruit_moth,0
2026-05-27,77.0,56.2,block-e-01,codling_moth,0
2026-05-27,77.0,56.2,block-e-01,oriental_fruit_moth,0
2026-05-27,77.0,56.2,block-e-02,codling_moth,3
2026-05-27,77.0,56.2,block-e-02,oriental_fruit_moth,0
2026-05-27,77.0,56.2,block-e-03,codling_moth,1
2026-05-27,77.0,56.2,block-e-03,oriental_fruit_moth,0
2026-05-27,77.0,56.2,block-e-04,codling_moth,2
2026-05-27,77.0,56.2,block-e-04,oriental_fruit_moth,0
2026-05-28,71.7,51.8,block-a-01,codling_moth,2
2026-05-28,71.7,51.8,block-a-01,oriental_fruit_moth,0
2026-05-28,71.7,51.8,block-a-02,codling_moth,6
2026-05-28,71.7,51.8,block-a-02,oriental_fruit_moth,0
2026-05-28,71.7,51.8,block-a-03,codling_moth,3
2026-05-28,71.7,51.8,block-a-03,oriental_fruit_moth,0
2026-05-28,71.7,51.8,block-a-04,codling_moth,1
2026-05-28,71.7,51.8,block-a-04,oriental_fruit_moth,0
2026-05-28,71.7,51.8,block-b-01,codling_moth,3
2026-05-28,71.7,51.8,block-b-01,oriental_fruit_moth,0
2026-05-28,71.7,51.8,block-b-02,codling_moth,3
2026-05-28,71.7,51.8,block-b-02,oriental_fruit_moth,0
2026-05-28,71.7,51.8,block-b-03,codling_moth,3
2026-05-28,71.7,51.8,block-b-03,oriental_fruit_moth,0
2026-05-28,71.7,51.8,block-b-04,codling_moth,1
2026-05-28,71.7,51.8,block-b-04,oriental_fruit_moth,0
2026-05-28,71.7,51.8,block-c-01,codling_moth,1
2026-05-28,71.7,51.8,block-c-01,oriental_fruit_moth,0
2026-05-28,71.7,51.8,block-c-02,codling_moth,6
2026-05-28,71.7,51.8,block-c-02,oriental_fruit_moth,2
2026-05-28,71.7,51.8,block-c-03,codling_moth,2
2026-05-28,71.7,51.8,block-c-03,oriental_fruit_moth,0
2026-05-28,71.7,51.8,block-c-04,codling_moth,1
2026-05-28,71.7,51.8,block-c-04,oriental_fruit_moth,0
2026-05-28,71.7,51.8,block-d-01,codling_moth,0
2026-05-28,71.7,51.8,block-d-01,oriental_fruit_moth,0
2026-05-28,71.7,51.8,block-d-02,codling_moth,3
2026-05-28,71.7,51.8,block-d-02,oriental_fruit_moth,0
2026-05-28,71.7,51.8,block-d-03,codling_moth,10
2026-05-28,71.7,51.8,block-d-03,oriental_fruit_moth,1
2026-05-28,71.7,51.8,block-d-04,codling_moth,1
2026-05-28,71.7,51.8,block-d-04,oriental_fruit_moth,0
2026-05-28,71.7,51.8,block-e-01,codling_moth,3
2026-05-28,71.7,51.8,block-e-01,oriental_fruit_moth,0
2026-05-28,71.7,51.8,block-e-02,codling_moth,1
2026-05-28,71.7,51.8,block-e-02,oriental_fruit_moth,0
2026-05-28,71.7,51.8,block-e-03,codling_moth,6
2026-05-28,71.7,51.8,block-e-03,oriental_fruit_moth,1
2026-05-28,71.7,51.8,block-e-04,codling_moth,3
2026-05-28,71.7,51.8,block-e-04,oriental_fruit_moth,1
2026-05-29,71.5,52.1,block-a-01,codling_moth,0
2026-05-29,71.5,52.1,block-a-01,oriental_fruit_moth,0
2026-05-29,71.5,52.1,block-a-02,codling_moth,4
2026-05-29,71.5,52.1,block-a-02,oriental_fruit_moth,0
2026-05-29,71.5,52.1,block-a-03,codling_moth,6
2026-05-29,71.5,52.1,block-a-03,oriental_fruit_moth,0
2026-05-29,71.5,52.1,block-a-04,codling_moth,2
2026-05-29,71.5,52.1,block-a-04,oriental_fruit_moth,0
2026-05-29,71.5,52.1,block-b-01,codling_moth,2
2026-05-29,71.5,52.1,block-b-01,oriental_fruit_moth,1
2026-05-29,71.5,52.1,block-b-02,codling_moth,2
2026-05-29,71.5,52.1,block-b-02,oriental_fruit_moth,0
2026-05-29,71.5,52.1,block-b-03,codling_moth,2
2026-05-29,71.5,52.1,block-b-03,oriental_fruit_moth,0
2026-05-29,71.5,52.1,block-b-04,codling_moth,3
2026-05-29,71.5,52.1,block-b-04,oriental_fruit_moth,1
2026-05-29,71.5,52.1,block-c-01,codling_moth,2
2026-05-29,71.5,52.1,block-c-01,oriental_fruit_moth,1
2026-05-29,71.5,52.1,block-c-02,codling_moth,1
2026-05-29,71.5,52.1,block-c-02,oriental_fruit_moth,0
2026-05-29,71.5,52.1,block-c-03,codling_moth,1
2026-05-29,71.5,52.1,block-c-03,oriental_fruit_moth,0
2026-05-29,71.5,52.1,block-c-04,codling_moth,1
2026-05-29,71.5,52.1,block-c-04,oriental_fruit_moth,0
2026-05-29,71.5,52.1,block-d-01,codling_moth,6
2026-05-29,71.5,52.1,block-d-01,oriental_fruit_moth,0
2026-05-29,71.5,52.1,block-d-02,codling_moth,2
2026-05-29,71.5,52.1,block-d-02,oriental_fruit_moth,0
2026-05-29,71.5,52.1,block-d-03,codling_moth,3
2026-05-29,71.5,52.1,block-d-03,oriental_fruit_moth,1
2026-05-29,71.5,52.1,block-d-04,codling_moth,0
2026-05-29,71.5,52.1,block-d-04,oriental_fruit_moth,0
2026-05-29,71.5,52.1,block-e-01,codling_moth,4
2026-05-29,71.5,52.1,block-e-01,oriental_fruit_moth,0
2026-05-29,71.5,52.1,block-e-02,codling_moth,3
2026-05-29,71.5,52.1,block-e-02,oriental_fruit_moth,0
2026-05-29,71.5,52.1,block-e-03,codling_moth,2
2026-05-29,71.5,52.1,block-e-03,oriental_fruit_moth,0
2026-05-29,71.5,52.1,block-e-04,codling_moth,3
2026-05-29,71.5,52.1,block-e-04,oriental_fruit_moth,0
2026-05-30,74.2,54.9,block-a-01,codling_moth,2
2026-05-30,74.2,54.9,block-a-01,oriental_fruit_moth,0
2026-05-30,74.2,54.9,block-a-02,codling_moth,2
2026-05-30,74.2,54.9,block-a-02,oriental_fruit_moth,0
2026-05-30,74.2,54.9,block-a-03,codling_moth,1
2026-05-30,74.2,54.9,block-a-03,oriental_fruit_moth,0
2026-05-30,74.2,54.9,block-a-04,codling_moth,3
2026-05-30,74.2,54.9,block-a-04,oriental_fruit_moth,0
2026-05-30,74.2,54.9,block-b-01,codling_moth,4
2026-05-30,74.2,54.9,block-b-01,oriental_fruit_moth,0
2026-05-30,74.2,54.9,block-b-02,codling_moth,2
2026-05-30,74.2,54.9,block-b-02,oriental_fruit_moth,2
2026-05-30,74.2,54.9,block-b-03,codling_moth,2
2026-05-30,74.2,54.9,block-b-03,oriental_fruit_moth,1
2026-05-30,74.2,54.9,block-b-04,codling_moth,1
2026-05-30,74.2,54.9,block-b-04,oriental_fruit_moth,0
2026-05-30,74.2,54.9,block-c-01,codling_moth,2
2026-05-30,74.2,54.9,block-c-01,oriental_fruit_moth,1
2026-05-30,74.2,54.9,block-c-02,codling_moth,3
2026-05-30,74.2,54.9,block-c-02,oriental_fruit_moth,1
2026-05-30,74.2,54.9,block-c-03,codling_moth,3
2026-05-30,74.2,54.9,block-c-03,oriental_fruit_moth,0
2026-05-30,74.2,54.9,block-c-04,codling_moth,3
2026-05-30,74.2,54.9,block-c-04,oriental_fruit_moth,0
2026-05-30,74.2,54.9,block-d-01,codling_moth,1
2026-05-30,74.2,54.9,block-d-01,oriental_fruit_moth,1
2026-05-30,74.2,54.9,block-d-02,codling_moth,3
2026-05-30,74.2,54.9,block-d-02,oriental_fruit_moth,2
2026-05-30,74.2,54.9,block-d-03,codling_moth,4
2026-05-30,74.2,54.9,block-d-03,oriental_fruit_moth,1
2026-05-30,74.2,54.9,block-d-04,codling_moth,8
2026-05-30,74.2,54.9,block-d-04,oriental_fruit_moth,0
2026-05-30,74.2,54.9,block-e-01,codling_moth,3
2026-05-30,74.2,54.9,block-e-01,oriental_fruit_moth,0
2026-05-30,74.2,54.9,block-e-02,codling_moth,1
2026-05-30,74.2,54.9,block-e-02,oriental_fruit_moth,0
2026-05-30,74.2,54.9,block-e-03,codling_moth,3
2026-05-30,74.2,54.9,block-e-03,oriental_fruit_moth,0
2026-05-30,74.2,54.9,block-e-04,codling_moth,1
2026-05-30,74.2,54.9,block-e-04,oriental_fruit_moth,0
2026-05-31,74.2,52.9,block-a-01,codling_moth,1
2026-05-31,74.2,52.9,block-a-01,oriental_fruit_moth,1
2026-05-31,74.2,52.9,block-a-02,codling_moth,6
2026-05-31,74.2,52.9,block-a-02,oriental_fruit_moth,0
2026-05-31,74.2,52.9,block-a-03,codling_moth,2
2026-05-31,74.2,52.9,block-a-03,oriental_fruit_moth,0
2026-05-31,74.2,52.9,block-a-04,codling_moth,0
2026-05-31,74.2,52.9,block-a-04,oriental_fruit_moth,1
2026-05-31,74.2,52.9,block-b-01,codling_moth,0
2026-05-31,74.2,52.9,block-b-01,oriental_fruit_moth,1
2026-05-31,74.2,52.9,block-b-02,codling_moth,6
2026-05-31,74.2,52.9,block-b-02,oriental_fruit_moth,1
2026-05-31,74.2,52.9,block-b-03,codling_moth,0
2026-05-31,74.2,52.9,block-b-03,oriental_fruit_moth,0
2026-05-31,74.2,52.9,block-b-04,codling_moth,2
2026-05-31,74.2,52.9,block-b-04,oriental_fruit_moth,1
2026-05-31,74.2,52.9,block-c-01,codling_moth,0
2026-05-31,74.2,52.9,block-c-01,oriental_fruit_moth,2
2026-05-31,74.2,52.9,block-c-02,codling_moth,2
2026-05-31,74.2,52.9,block-c-02,oriental_fruit_moth,1
2026-05-31,74.2,52.9,block-c-03,codling_moth,3
2026-05-31,74.2,52.9,block-c-03,oriental_fruit_moth,0
2026-05-31,74.2,52.9,block-c-04,codling_moth,2
2026-05-31,74.2,52.9,block-c-04,oriental_fruit_moth,0
2026-05-31,74.2,52.9,block-d-01,codling_moth,2
2026-05-31,74.2,52.9,block-d-01,oriental_fruit_moth,0
2026-05-31,74.2,52.9,block-d-02,codling_moth,1
2026-05-31,74.2,52.9,block-d-02,oriental_fruit_moth,0
2026-05-31,74.2,52.9,block-d-03,codling_moth,4
2026-05-31,74.2,52.9,block-d-03,oriental_fruit_moth,0
2026-05-31,74.2,52.9,block-d-04,codling_moth,1
2026-05-31,74.2,52.9,block-d-04,oriental_fruit_moth,0
2026-05-31,74.2,52.9,block-e-01,codling_moth,2
2026-05-31,74.2,52.9,block-e-01,oriental_fruit_moth,1
2026-05-31,74.2,52.9,block-e-02,codling_moth,2
2026-05-31,74.2,52.9,block-e-02,oriental_fruit_moth,0
2026-05-31,74.2,52.9,block-e-03,codling_moth,0
2026-05-31,74.2,52.9,block-e-03,oriental_fruit_moth,0
2026-05-31,74.2,52.9,block-e-04,codling_moth,0
2026-05-31,74.2,52.9,block-e-04,oriental_fruit_moth,1
2026-06-01,75.8,55.6,block-a-01,codling_moth,3
2026-06-01,75.8,55.6,block-a-01,oriental_fruit_moth,0
2026-06-01,75.8,55.6,block-a-02,codling_moth,2
2026-06-01,75.8,55.6,block-a-02,oriental_fruit_moth,0
2026-06-01,75.8,55.6,block-a-03,codling_moth,3
2026-06-01,75.8,55.6,block-a-03,oriental_fruit_moth,1
2026-06-01,75.8,55.6,block-a-04,codling_moth,2
2026-06-01,75.8,55.6,block-a-04,oriental_fruit_moth,0
2026-06-01,75.8,55.6,block-b-01,codling_moth,1
2026-06-01,75.8,55.6,block-b-01,oriental_fruit_moth,1
2026-06-01,75.8,55.6,block-b-02,codling_moth,3
2026-06-01,75.8,55.6,block-b-02,oriental_fruit_moth,1
2026-06-01,75.8,55.6,block-b-03,codling_moth,2
2026-06-01,75.8,55.6,block-b-03,oriental_fruit_moth,0
2026-06-01,75.8,55.6,block-b-04,codling_moth,1
2026-06-01,75.8,55.6,block-b-04,oriental_fruit_moth,1
2026-06-01,75.8,55.6,block-c-01,codling_moth,4
2026-06-01,75.8,55.6,block-c-01,oriental_fruit_moth,1
2026-06-01,75.8,55.6,block-c-02,codling_moth,5
2026-06-01,75.8,55.6,block-c-02,oriental_fruit_moth,0
2026-06-01,75.8,55.6,block-c-03,codling_moth,1
2026-06-01,75.8,55.6,block-c-03,oriental_fruit_moth,0
2026-06-01,75.8,55.6,block-c-04,codling_moth,2
2026-06-01,75.8,55.6,block-c-04,oriental_fruit_moth,2
2026-06-01,75.8,55.6,block-d-01,codling_moth,3
2026-06-01,75.8,55.6,block-d-01,oriental_fruit_moth,1
2026-06-01,75.8,55.6,block-d-02,codling_moth,2
2026-06-01,75.8,55.6,block-d-02,oriental_fruit_moth,0
2026-06-01,75.8,55.6,block-d-03,codling_moth,5
2026-06-01,75.8,55.6,block-d-03,oriental_fruit_moth,1
2026-06-01,75.8,55.6,block-d-04,codling_moth,3
2026-06-01,75.8,55.6,block-d-04,oriental_fruit_moth,0
2026-06-01,75.8,55.6,block-e-01,codling_moth,3
2026-06-01,75.8,55.6,block-e-01,oriental_fruit_moth,0
2026-06-01,75.8,55.6,block-e-02,codling_moth,2
2026-06-01,75.8,55.6,block-e-02,oriental_fruit_moth,0
2026-06-01,75.8,55.6,block-e-03,codling_moth,3
2026-06-01,75.8,55.6,block-e-03,oriental_fruit_moth,0
2026-06-01,75.8,55.6,block-e-04,codling_moth,3
2026-06-01,75.8,55.6,block-e-04,oriental_fruit_moth,1
2026-06-02,74.7,56.1,block-a-01,codling_moth,0
2026-06-02,74.7,56.1,block-a-01,oriental_fruit_moth,0
2026-06-02,74.7,56.1,block-a-02,codling_moth,4
2026-06-02,74.7,56.1,block-a-02,oriental_fruit_moth,0
2026-06-02,74.7,56.1,block-a-03,codling_moth,2
2026-06-02,74.7,56.1,block-a-03,oriental_fruit_moth,1
2026-06-02,74.7,56.1,block-a-04,codling_moth,2
2026-06-02,74.7,56.1,block-a-04,oriental_fruit_moth,0
2026-06-02,74.7,56.1,block-b-01,codling_moth,1
2026-06-02,74.7,56.1,block-b-01,oriental_fruit_moth,1
2026-06-02,74.7,56.1,block-b-02,codling_moth,5
2026-06-02,74.7,56.1,block-b-02,oriental_fruit_moth,0
2026-06-02,74.7,56.1,block-b-03,codling_moth,2
2026-06-02,74.7,56.1,block-b-03,oriental_fruit_moth,0
2026-06-02,74.7,56.1,block-b-04,codling_moth,2
2026-06-02,74.7,56.1,block-b-04,oriental_fruit_moth,0
2026-06-02,74.7,56.1,block-c-01,codling_moth,2
2026-06-02,74.7,56.1,block-c-01,oriental_fruit_moth,0
2026-06-02,74.7,56.1,block-c-02,codling_moth,4
2026-06-02,74.7,56.1,block-c-02,oriental_fruit_moth,0
2026-06-02,74.7,56.1,block-c-03,codling_moth,3
2026-06-02,74.7,56.1,block-c-03,oriental_fruit_moth,1
2026-06-02,74.7,56.1,block-c-04,codling_moth,2
2026-06-02,74.7,56.1,block-c-04,oriental_fruit_moth,0
2026-06-02,74.7,56.1,block-d-01,codling_moth,3
2026-06-02,74.7,56.1,block-d-01,oriental_fruit_moth,1
2026-06-02,74.7,56.1,block-d-02,codling_moth,1
2026-06-02,74.7,56.1,block-d-02,oriental_fruit_moth,0
2026-06-02,74.7,56.1,block-d-03,codling_moth,4
2026-06-02,74.7,56.1,block-d-03,oriental_fruit_moth,2
2026-06-02,74.7,56.1,block-d-04,codling_moth,4
2026-06-02,74.7,56.1,block-d-04,oriental_fruit_moth,1
2026-06-02,74.7,56.1,block-e-01,codling_moth,1
2026-06-02,74.7,56.1,block-e-01,oriental_fruit_moth,0
2026-06-02,74.7,56.1,block-e-02,codling_moth,3
2026-06-02,74.7,56.1,block-e-02,oriental_fruit_moth,0
2026-06-02,74.7,56.1,block-e-03,codling_moth,3
2026-06-02,74.7,56.1,block-e-03,oriental_fruit_moth,0
2026-06-02,74.7,56.1,block-e-04,codling_moth,0
2026-06-02,74.7,56.1,block-e-04,oriental_fruit_moth,0
2026-06-03,77.6,60.0,block-a-01,codling_moth,1
2026-06-03,77.6,60.0,block-a-01,oriental_fruit_moth,1
2026-06-03,77.6,60.0,block-a-02,codling_moth,6
2026-06-03,77.6,60.0,block-a-02,oriental_fruit_moth,1
2026-06-03,77.6,60.0,block-a-03,codling_moth,4
2026-06-03,77.6,60.0,block-a-03,oriental_fruit_moth,0
2026-06-03,77.6,60.0,block-a-04,codling_moth,3
2026-06-03,77.6,60.0,block-a-04,oriental_fruit_moth,0
2026-06-03,77.6,60.0,block-b-01,codling_moth,1
2026-06-03,77.6,60.0,block-b-01,oriental_fruit_moth,1
2026-06-03,77.6,60.0,block-b-02,codling_moth,7
2026-06-03,77.6,60.0,block-b-02,oriental_fruit_moth,4
2026-06-03,77.6,60.0,block-b-03,codling_moth,3
2026-06-03,77.6,60.0,block-b-03,oriental_fruit_moth,1
2026-06-03,77.6,60.0,block-b-04,codling_moth,2
2026-06-03,77.6,60.0,block-b-04,oriental_fruit_moth,0
2026-06-03,77.6,60.0,block-c-01,codling_moth,0
2026-06-03,77.6,60.0,block-c-01,oriental_fruit_moth,0
2026-06-03,77.6,60.0,block-c-02,codling_moth,1
2026-06-03,77.6,60.0,block-c-02,oriental_fruit_moth,2
2026-06-03,77.6,60.0,block-c-03,codling_moth,1
2026-06-03,77.6,60.0,block-c-03,oriental_fruit_moth,1
2026-06-03,77.6,60.0,block-c-04,codling_moth,2
2026-06-03,77.6,60.0,block-c-04,oriental_fruit_moth,2
2026-06-03,77.6,60.0,block-d-01,codling_moth,2
2026-06-03,77.6,60.0,block-d-01,oriental_fruit_moth,0
2026-06-03,77.6,60.0,block-d-02,codling_moth,3
2026-06-03,77.6,60.0,block-d-02,oriental_fruit_moth,0
2026-06-03,77.6,60.0,block-d-03,codling_moth,4
2026-06-03,77.6,60.0,block-d-03,oriental_fruit_moth,2
2026-06-03,77.6,60.0,block-d-04,codling_moth,2
2026-06-03,77.6,60.0,block-d-04,oriental_fruit_moth,1
2026-06-03,77.6,60.0,block-e-01,codling_moth,6
2026-06-03,77.6,60.0,block-e-01,oriental_fruit_moth,0
2026-06-03,77.6,60.0,block-e-02,codling_moth,2
2026-06-03,77.6,60.0,block-e-02,oriental_fruit_moth,0
2026-06-03,77.6,60.0,block-e-03,codling_moth,1
2026-06-03,77.6,60.0,block-e-03,oriental_fruit_moth,1
2026-06-03,77.6,60.0,block-e-04,codling_moth,1
2026-06-03,77.6,60.0,block-e-04,oriental_fruit_moth,0
2026-06-04,76.7,56.9,block-a-01,codling_moth,0
2026-06-04,76.7,56.9,block-a-01,oriental_fruit_moth,0
2026-06-04,76.7,56.9,block-a-02,codling_moth,2
2026-06-04,76.7,56.9,block-a-02,oriental_fruit_moth,0
2026-06-04,76.7,56.9,block-a-03,codling_moth,1
2026-06-04,76.7,56.9,block-a-03,oriental_fruit_moth,0
2026-06-04,76.7,56.9,block-a-04,codling_moth,1
2026-06-04,76.7,56.9,block-a-04,oriental_fruit_moth,0
2026-06-04,76.7,56.9,block-b-01,codling_moth,2
2026-06-04,76.7,56.9,block-b-01,oriental_fruit_moth,1
2026-06-04,76.7,56.9,block-b-02,codling_moth,4
2026-06-04,76.7,56.9,block-b-02,oriental_fruit_moth,3
2026-06-04,76.7,56.9,block-b-03,codling_moth,1
2026-06-04,76.7,56.9,block-b-03,oriental_fruit_moth,2
2026-06-04,76.7,56.9,block-b-04,codling_moth,2
2026-06-04,76.7,56.9,block-b-04,oriental_fruit_moth,2
2026-06-04,76.7,56.9,block-c-01,codling_moth,2
2026-06-04,76.7,56.9,block-c-01,oriental_fruit_moth,1
2026-06-04,76.7,56.9,block-c-02,codling_moth,0
2026-06-04,76.7,56.9,block-c-02,oriental_fruit_moth,1
2026-06-04,76.7,56.9,block-c-03,codling_moth,3
2026-06-04,76.7,56.9,block-c-03,oriental_fruit_moth,0
2026-06-04,76.7,56.9,block-c-04,codling_moth,2
2026-06-04,76.7,56.9,block-c-04,oriental_fruit_moth,1
2026-06-04,76.7,56.9,block-d-01,codling_moth,3
2026-06-04,76.7,56.9,block-d-01,oriental_fruit_moth,0
2026-06-04,76.7,56.9,block-d-02,codling_moth,1
2026-06-04,76.7,56.9,block-d-02,oriental_fruit_moth,0
2026-06-04,76.7,56.9,block-d-03,codling_moth,1
2026-06-04,76.7,56.9,block-d-03,oriental_fruit_moth,1
2026-06-04,76.7,56.9,block-d-04,codling_moth,4
2026-06-04,76.7,56.9,block-d-04,oriental_fruit_moth,0
2026-06-04,76.7,56.9,block-e-01,codling_moth,3
2026-06-04,76.7,56.9,block-e-01,oriental_fruit_moth,1
2026-06-04,76.7,56.9,block-e-02,codling_moth,4
2026-06-04,76.7,56.9,block-e-02,oriental_fruit_moth,1
2026-06-04,76.7,56.9,block-e-03,codling_moth,4
2026-06-04,76.7,56.9,block-e-03,oriental_fruit_moth,3
2026-06-04,76.7,56.9,block-e-04,codling_moth,1
2026-06-04,76.7,56.9,block-e-04,oriental_fruit_moth,0
2026-06-05,78.5,60.0,block-a-01,codling_moth,1
2026-06-05,78.5,60.0,block-a-01,oriental_fruit_moth,0
2026-06-05,78.5,60.0,block-a-02,codling_moth,0
2026-06-05,78.5,60.0,block-a-02,oriental_fruit_moth,2
2026-06-05,78.5,60.0,block-a-03,codling_moth,0
2026-06-05,78.5,60.0,block-a-03,oriental_fruit_moth,0
2026-06-05,78.5,60.0,block-a-04,codling_moth,4
2026-06-05,78.5,60.0,block-a-04,oriental_fruit_moth,2
2026-06-05,78.5,60.0,block-b-01,codling_moth,5
2026-06-05,78.5,60.0,block-b-01,oriental_fruit_moth,1
2026-06-05,78.5,60.0,block-b-02,codling_moth,1
2026-06-05,78.5,60.0,block-b-02,oriental_fruit_moth,1
2026-06-05,78.5,60.0,block-b-03,codling_moth,6
2026-06-05,78.5,60.0,block-b-03,oriental_fruit_moth,1
2026-06-05,78.5,60.0,block-b-04,codling_moth,1
2026-06-05,78.5,60.0,block-b-04,oriental_fruit_moth,1
2026-06-05,78.5,60.0,block-c-01,codling_moth,2
2026-06-05,78.5,60.0,block-c-01,oriental_fruit_moth,1
2026-06-05,78.5,60.0,block-c-02,codling_moth,5
2026-06-05,78.5,60.0,block-c-02,oriental_fruit_moth,1
2026-06-05,78.5,60.0,block-c-03,codling_moth,0
2026-06-05,78.5,60.0,block-c-03,oriental_fruit_moth,0
2026-06-05,78.5,60.0,block-c-04,codling_moth,2
2026-06-05,78.5,60.0,block-c-04,oriental_fruit_moth,1
2026-06-05,78.5,60.0,block-d-01,codling_moth,2
2026-06-05,78.5,60.0,block-d-01,oriental_fruit_moth,0
2026-06-05,78.5,60.0,block-d-02,codling_moth,1
2026-06-05,78.5,60.0,block-d-02,oriental_fruit_moth,0
2026-06-05,78.5,60.0,block-d-03,codling_moth,4
2026-06-05,78.5,60.0,block-d-03,oriental_fruit_moth,0
2026-06-05,78.5,60.0,block-d-04,codling_moth,2
2026-06-05,78.5,60.0,block-d-04,oriental_fruit_moth,1
2026-06-05,78.5,60.0,block-e-01,codling_moth,2
2026-06-05,78.5,60.0,block-e-01,oriental_fruit_moth,1
2026-06-05,78.5,60.0,block-e-02,codling_moth,4
2026-06-05,78.5,60.0,block-e-02,oriental_fruit_moth,1
2026-06-05,78.5,60.0,block-e-03,codling_moth,2
2026-06-05,78.5,60.0,block-e-03,oriental_fruit_moth,0
2026-06-05,78.5,60.0,block-e-04,codling_moth,1
2026-06-05,78.5,60.0,block-e-04,oriental_fruit_moth,0
2026-06-06,78.9,58.3,block-a-01,codling_moth,3
2026-06-06,78.9,58.3,block-a-01,oriental_fruit_moth,1
2026-06-06,78.9,58.3,block-a-02,codling_moth,1
2026-06-06,78.9,58.3,block-a-02,oriental_fruit_moth,4
2026-06-06,78.9,58.3,block-a-03,codling_moth,2
2026-06-06,78.9,58.3,block-a-03,oriental_fruit_moth,1
2026-06-06,78.9,58.3,block-a-04,codling_moth,2
2026-06-06,78.9,58.3,block-a-04,oriental_fruit_moth,0
2026-06-06,78.9,58.3,block-b-01,codling_moth,3
2026-06-06,78.9,58.3,block-b-01,oriental_fruit_moth,1
2026-06-06,78.9,58.3,block-b-02,codling_moth,4
2026-06-06,78.9,58.3,block-b-02,oriental_fruit_moth,0
2026-06-06,78.9,58.3,block-b-03,codling_moth,4
2026-06-06,78.9,58.3,block-b-03,oriental_fruit_moth,1
2026-06-06,78.9,58.3,block-b-04,codling_moth,2
2026-06-06,78.9,58.3,block-b-04,oriental_fruit_moth,1
2026-06-06,78.9,58.3,block-c-01,codling_moth,3
2026-06-06,78.9,58.3,block-c-01,oriental_fruit_moth,1
2026-06-06,78.9,58.3,block-c-02,codling_moth,2
2026-06-06,78.9,58.3,block-c-02,oriental_fruit_moth,0
2026-06-06,78.9,58.3,block-c-03,codling_moth,2
2026-06-06,78.9,58.3,block-c-03,oriental_fruit_moth,0
2026-06-06,78.9,58.3,block-c-04,codling_moth,1
2026-06-06,78.9,58.3,block-c-04,oriental_fruit_moth,2
2026-06-06,78.9,58.3,block-d-01,codling_moth,1
2026-06-06,78.9,58.3,block-d-01,oriental_fruit_moth,0
2026-06-06,78.9,58.3,block-d-02,codling_moth,2
2026-06-06,78.9,58.3,block-d-02,oriental_fruit_moth,1
2026-06-06,78.9,58.3,block-d-03,codling_moth,2
2026-06-06,78.9,58.3,block-d-03,oriental_fruit_moth,1
2026-06-06,78.9,58.3,block-d-04,codling_moth,2
2026-06-06,78.9,58.3,block-d-04,oriental_fruit_moth,1
2026-06-06,78.9,58.3,block-e-01,codling_moth,6
2026-06-06,78.9,58.3,block-e-01,oriental_fruit_moth,0
2026-06-06,78.9,58.3,block-e-02,codling_moth,2
2026-06-06,78.9,58.3,block-e-02,oriental_fruit_moth,0
2026-06-06,78.9,58.3,block-e-03,codling_moth,3
2026-06-06,78.9,58.3,block-e-03,oriental_fruit_moth,1
2026-06-06,78.9,58.3,block-e-04,codling_moth,1
2026-06-06,78.9,58.3,block-e-04,oriental_fruit_moth,0
2026-06-07,80.7,58.8,block-a-01,codling_moth,2
2026-06-07,80.7,58.8,block-a-01,oriental_fruit_moth,0
2026-06-07,80.7,58.8,block-a-02,codling_moth,2
2026-06-07,80.7,58.8,block-a-02,oriental_fruit_moth,0
2026-06-07,80.7,58.8,block-a-03,codling_moth,5
2026-06-07,80.7,58.8,block-a-03,oriental_fruit_moth,1
2026-06-07,80.7,58.8,block-a-04,codling_moth,2
2026-06-07,80.7,58.8,block-a-04,oriental_fruit_moth,1
2026-06-07,80.7,58.8,block-b-01,codling_moth,0
2026-06-07,80.7,58.8,block-b-01,oriental_fruit_moth,2
2026-06-07,80.7,58.8,block-b-02,codling_moth,3
2026-06-07,80.7,58.8,block-b-02,oriental_fruit_moth,2
2026-06-07,80.7,58.8,block-b-03,codling_moth,2
2026-06-07,80.7,58.8,block-b-03,oriental_fruit_moth,2
2026-06-07,80.7,58.8,block-b-04,codling_moth,0
2026-06-07,80.7,58.8,block-b-04,oriental_fruit_moth,1
2026-06-07,80.7,58.8,block-c-01,codling_moth,1
2026-06-07,80.7,58.8,block-c-01,oriental_fruit_moth,2
2026-06-07,80.7,58.8,block-c-02,codling_moth,0
2026-06-07,80.7,58.8,block-c-02,oriental_fruit_moth,1
2026-06-07,80.7,58.8,block-c-03,codling_moth,2
2026-06-07,80.7,58.8,block-c-03,oriental_fruit_moth,1
2026-06-07,80.7,58.8,block-c-04,codling_moth,0
2026-06-07,80.7,58.8,block-c-04,oriental_fruit_moth,1
2026-06-07,80.7,58.8,block-d-01,codling_moth,1
2026-06-07,80.7,58.8,block-d-01,oriental_fruit_moth,2
2026-06-07,80.7,58.8,block-d-02,codling_moth,3
2026-06-07,80.7,58.8,block-d-02,oriental_fruit_moth,4
2026-06-07,80.7,58.8,block-d-03,codling_moth,8
2026-06-07,80.7,58.8,block-d-03,oriental_fruit_moth,1
2026-06-07,80.7,58.8,block-d-04,codling_moth,2
2026-06-07,80.7,58.8,block-d-04,oriental_fruit_moth,1
2026-06-07,80.7,58.8,block-e-01,codling_moth,2
2026-06-07,80.7,58.8,block-e-01,oriental_fruit_moth,0
2026-06-07,80.7,58.8,block-e-02,codling_moth,1
2026-06-07,80.7,58.8,block-e-02,oriental_fruit_moth,0
2026-06-07,80.7,58.8,block-e-03,codling_moth,2
2026-06-07,80.7,58.8,block-e-03,oriental_fruit_moth,1
2026-06-07,80.7,58.8,block-e-04,codling_moth,1
2026-06-07,80.7,58.8,block-e-04,oriental_fruit_moth,1
2026-06-08,79.1,61.9,block-a-01,codling_moth,2
2026-06-08,79.1,61.9,block-a-01,oriental_fruit_moth,0
2026-06-08,79.1,61.9,block-a-02,codling_moth,2
2026-06-08,79.1,61.9,block-a-02,oriental_fruit_moth,0
2026-06-08,79.1,61.9,block-a-03,codling_moth,1
2026-06-08,79.1,61.9,block-a-03,oriental_fruit_moth,0
2026-06-08,79.1,61.9,block-a-04,codling_moth,2
2026-06-08,79.1,61.9,block-a-04,oriental_fruit_moth,0
2026-06-08,79.1,61.9,block-b-01,codling_moth,1
2026-06-08,79.1,61.9,block-b-01,oriental_fruit_moth,0
2026-06-08,79.1,61.9,block-b-02,codling_moth,7
2026-06-08,79.1,61.9,block-b-02,oriental_fruit_moth,1
2026-06-08,79.1,61.9,block-b-03,codling_moth,2
2026-06-08,79.1,61.9,block-b-03,oriental_fruit_moth,3
2026-06-08,79.1,61.9,block-b-04,codling_moth,3
2026-06-08,79.1,61.9,block-b-04,oriental_fruit_moth,2
2026-06-08,79.1,61.9,block-c-01,codling_moth,2
2026-06-08,79.1,61.9,block-c-01,oriental_fruit_moth,0
2026-06-08,79.1,61.9,block-c-02,codling_moth,4
2026-06-08,79.1,61.9,block-c-02,oriental_fruit_moth,3
2026-06-08,79.1,61.9,block-c-03,codling_moth,1
2026-06-08,79.1,61.9,block-c-03,oriental_fruit_moth,0
2026-06-08,79.1,61.9,block-c-04,codling_moth,2
2026-06-08,79.1,61.9,block-c-04,oriental_fruit_moth,0
2026-06-08,79.1,61.9,block-d-01,codling_moth,3
2026-06-08,79.1,61.9,block-d-01,oriental_fruit_moth,0
2026-06-08,79.1,61.9,block-d-02,codling_moth,3
2026-06-08,79.1,61.9,block-d-02,oriental_fruit_moth,1
2026-06-08,79.1,61.9,block-d-03,codling_moth,2
2026-06-08,79.1,61.9,block-d-03,oriental_fruit_moth,7
2026-06-08,79.1,61.9,block-d-04,codling_moth,0
2026-06-08,79.1,61.9,block-d-04,oriental_fruit_moth,1
2026-06-08,79.1,61.9,block-e-01,codling_moth,6
2026-06-08,79.1,61.9,block-e-01,oriental_fruit_moth,3
2026-06-08,79.1,61.9,block-e-02,codling_moth,0
2026-06-08,79.1,61.9,block-e-02,oriental_fruit_moth,0
2026-06-08,79.1,61.9,block-e-03,codling_moth,2
2026-06-08,79.1,61.9,block-e-03,oriental_fruit_moth,0
2026-06-08,79.1,61.9,block-e-04,codling_moth,2
2026-06-08,79.1,61.9,block-e-04,oriental_fruit_moth,0
2026-06-09,81.4,60.7,block-a-01,codling_moth,2
2026-06-09,81.4,60.7,block-a-01,oriental_fruit_moth,1
2026-06-09,81.4,60.7,block-a-02,codling_moth,1
2026-06-09,81.4,60.7,block-a-02,oriental_fruit_moth,0
2026-06-09,81.4,60.7,block-a-03,codling_moth,3
2026-06-09,81.4,60.7,block-a-03,oriental_fruit_moth,0
2026-06-09,81.4,60.7,block-a-04,codling_moth,1
2026-06-09,81.4,60.7,block-a-04,oriental_fruit_moth,1
2026-06-09,81.4,60.7,block-b-01,codling_moth,2
2026-06-09,81.4,60.7,block-b-01,oriental_fruit_moth,2
2026-06-09,81.4,60.7,block-b-02,codling_moth,4
2026-06-09,81.4,60.7,block-b-02,oriental_fruit_moth,1
2026-06-09,81.4,60.7,block-b-03,codling_moth,2
2026-06-09,81.4,60.7,block-b-03,oriental_fruit_moth,5
2026-06-09,81.4,60.7,block-b-04,codling_moth,1
2026-06-09,81.4,60.7,block-b-04,oriental_fruit_moth,1
2026-06-09,81.4,60.7,block-c-01,codling_moth,1
2026-06-09,81.4,60.7,block-c-01,oriental_fruit_moth,0
2026-06-09,81.4,60.7,block-c-02,codling_moth,1
2026-06-09,81.4,60.7,block-c-02,oriental_fruit_moth,1
2026-06-09,81.4,60.7,block-c-03,codling_moth,1
2026-06-09,81.4,60.7,block-c-03,oriental_fruit_moth,2
2026-06-09,81.4,60.7,block-c-04,codling_moth,1
2026-06-09,81.4,60.7,block-c-04,oriental_fruit_moth,1
2026-06-09,81.4,60.7,block-d-01,codling_moth,2
2026-06-09,81.4,60.7,block-d-01,oriental_fruit_moth,3
2026-06-09,81.4,60.7,block-d-02,codling_moth,2
2026-06-09,81.4,60.7,block-d-02,oriental_fruit_moth,0
2026-06-09,81.4,60.7,block-d-03,codling_moth,4
2026-06-09,81.4,60.7,block-d-03,oriental_fruit_moth,1
2026-06-09,81.4,60.7,block-d-04,codling_moth,0
2026-06-09,81.4,60.7,block-d-04,oriental_fruit_moth,0
2026-06-09,81.4,60.7,block-e-01,codling_moth,2
2026-06-09,81.4,60.7,block-e-01,oriental_fruit_moth,0
2026-06-09,81.4,60.7,block-e-02,codling_moth,1
2026-06-09,81.4,60.7,block-e-02,oriental_fruit_moth,0
2026-06-09,81.4,60.7,block-e-03,codling_moth,0
2026-06-09,81.4,60.7,block-e-03,oriental_fruit_moth,0
2026-06-09,81.4,60.7,block-e-04,codling_moth,2
2026-06-09,81.4,60.7,block-e-04,oriental_fruit_moth,1
2026-06-10,79.4,58.1,block-a-01,codling_moth,0
2026-06-10,79.4,58.1,block-a-01,oriental_fruit_moth,0
2026-06-10,79.4,58.1,block-a-02,codling_moth,4
2026-06-10,79.4,58.1,block-a-02,oriental_fruit_moth,0
2026-06-10,79.4,58.1,block-a-03,codling_moth,3
2026-06-10,79.4,58.1,block-a-03,oriental_fruit_moth,2
2026-06-10,79.4,58.1,block-a-04,codling_moth,3
2026-06-10,79.4,58.1,block-a-04,oriental_fruit_moth,1
2026-06-10,79.4,58.1,block-b-01,codling_moth,1
2026-06-10,79.4,58.1,block-b-01,oriental_fruit_moth,2
2026-06-10,79.4,58.1,block-b-02,codling_moth,1
2026-06-10,79.4,58.1,block-b-02,oriental_fruit_moth,1
2026-06-10,79.4,58.1,block-b-03,codling_moth,1
2026-06-10,79.4,58.1,block-b-03,oriental_fruit_moth,2
2026-06-10,79.4,58.1,block-b-04,codling_moth,0
2026-06-10,79.4,58.1,block-b-04,oriental_fruit_moth,0
2026-06-10,79.4,58.1,block-c-01,codling_moth,1
2026-06-10,79.4,58.1,block-c-01,oriental_fruit_moth,1
2026-06-10,79.4,58.1,block-c-02,codling_moth,2
2026-06-10,79.4,58.1,block-c-02,oriental_fruit_moth,2
2026-06-10,79.4,58.1,block-c-03,codling_moth,3
2026-06-10,79.4,58.1,block-c-03,oriental_fruit_moth,2
2026-06-10,79.4,58.1,block-c-04,codling_moth,2
2026-06-10,79.4,58.1,block-c-04,oriental_fruit_moth,2
2026-06-10,79.4,58.1,block-d-01,codling_moth,0
2026-06-10,79.4,58.1,block-d-01,oriental_fruit_moth,0
2026-06-10,79.4,58.1,block-d-02,codling_moth,1
2026-06-10,79.4,58.1,block-d-02,oriental_fruit_moth,0
2026-06-10,79.4,58.1,block-d-03,codling_moth,5
2026-06-10,79.4,58.1,block-d-03,oriental_fruit_moth,0
2026-06-10,79.4,58.1,block-d-04,codling_moth,2
2026-06-10,79.4,58.1,block-d-04,oriental_fruit_moth,1
2026-06-10,79.4,58.1,block-e-01,codling_moth,1
2026-06-10,79.4,58.1,block-e-01,oriental_fruit_moth,1
2026-06-10,79.4,58.1,block-e-02,codling_moth,1
2026-06-10,79.4,58.1,block-e-02,oriental_fruit_moth,0
2026-06-10,79.4,58.1,block-e-03,codling_moth,0
2026-06-10,79.4,58.1,block-e-03,oriental_fruit_moth,0
2026-06-10,79.4,58.1,block-e-04,codling_moth,0
2026-06-10,79.4,58.1,block-e-04,oriental_fruit_moth,2
2026-06-11,78.0,58.0,block-a-01,codling_moth,0
2026-06-11,78.0,58.0,block-a-01,oriental_fruit_moth,0
2026-06-11,78.0,58.0,block-a-02,codling_moth,5
2026-06-11,78.0,58.0,block-a-02,oriental_fruit_moth,1
2026-06-11,78.0,58.0,block-a-03,codling_moth,0
2026-06-11,78.0,58.0,block-a-03,oriental_fruit_moth,2
2026-06-11,78.0,58.0,block-a-04,codling_moth,3
2026-06-11,78.0,58.0,block-a-04,oriental_fruit_moth,1
2026-06-11,78.0,58.0,block-b-01,codling_moth,0
2026-06-11,78.0,58.0,block-b-01,oriental_fruit_moth,1
2026-06-11,78.0,58.0,block-b-02,codling_moth,4
2026-06-11,78.0,58.0,block-b-02,oriental_fruit_moth,1
2026-06-11,78.0,58.0,block-b-03,codling_moth,3
2026-06-11,78.0,58.0,block-b-03,oriental_fruit_moth,1
2026-06-11,78.0,58.0,block-b-04,codling_moth,1
2026-06-11,78.0,58.0,block-b-04,oriental_fruit_moth,0
2026-06-11,78.0,58.0,block-c-01,codling_moth,2
2026-06-11,78.0,58.0,block-c-01,oriental_fruit_moth,2
2026-06-11,78.0,58.0,block-c-02,codling_moth,3
2026-06-11,78.0,58.0,block-c-02,oriental_fruit_moth,1
2026-06-11,78.0,58.0,block-c-03,codling_moth,1
2026-06-11,78.0,58.0,block-c-03,oriental_fruit_moth,0
2026-06-11,78.0,58.0,block-c-04,codling_moth,1
2026-06-11,78.0,58.0,block-c-04,oriental_fruit_moth,2
2026-06-11,78.0,58.0,block-d-01,codling_moth,3
2026-06-11,78.0,58.0,block-d-01,oriental_fruit_moth,0
2026-06-11,78.0,58.0,block-d-02,codling_moth,1
2026-06-11,78.0,58.0,block-d-02,oriental_fruit_moth,1
2026-06-11,78.0,58.0,block-d-03,codling_moth,3
2026-06-11,78.0,58.0,block-d-03,oriental_fruit_moth,2
2026-06-11,78.0,58.0,block-d-04,codling_moth,2
2026-06-11,78.0,58.0,block-d-04,oriental_fruit_moth,1
2026-06-11,78.0,58.0,block-e-01,codling_moth,3
2026-06-11,78.0,58.0,block-e-01,oriental_fruit_moth,1
2026-06-11,78.0,58.0,block-e-02,codling_moth,1
2026-06-11,78.0,58.0,block-e-02,oriental_fruit_moth,3
2026-06-11,78.0,58.0,block-e-03,codling_moth,3
2026-06-11,78.0,58.0,block-e-03,oriental_fruit_moth,2
2026-06-11,78.0,58.0,block-e-04,codling_moth,1
2026-06-11,78.0,58.0,block-e-04,oriental_fruit_moth,2
2026-06-12,77.4,60.3,block-a-01,codling_moth,1
2026-06-12,77.4,60.3,block-a-01,oriental_fruit_moth,1
2026-06-12,77.4,60.3,block-a-02,codling_moth,0
2026-06-12,77.4,60.3,block-a-02,oriental_fruit_moth,1
2026-06-12,77.4,60.3,block-a-03,codling_moth,2
2026-06-12,77.4,60.3,block-a-03,oriental_fruit_moth,1
2026-06-12,77.4,60.3,block-a-04,codling_moth,4
2026-06-12,77.4,60.3,block-a-04,oriental_fruit_moth,2
2026-06-12,77.4,60.3,block-b-01,codling_moth,2
2026-06-12,77.4,60.3,block-b-01,oriental_fruit_moth,2
2026-06-12,77.4,60.3,block-b-02,codling_moth,0
2026-06-12,77.4,60.3,block-b-02,oriental_fruit_moth,2
2026-06-12,77.4,60.3,block-b-03,codling_moth,0
2026-06-12,77.4,60.3,block-b-03,oriental_fruit_moth,6
2026-06-12,77.4,60.3,block-b-04,codling_moth,2
2026-06-12,77.4,60.3,block-b-04,oriental_fruit_moth,0
2026-06-12,77.4,60.3,block-c-01,codling_moth,1
2026-06-12,77.4,60.3,block-c-01,oriental_fruit_moth,0
2026-06-12,77.4,60.3,block-c-02,codling_moth,2
2026-06-12,77.4,60.3,block-c-02,oriental_fruit_moth,0
2026-06-12,77.4,60.3,block-c-03,codling_moth,0
2026-06-12,77.4,60.3,block-c-03,oriental_fruit_moth,0
2026-06-12,77.4,60.3,block-c-04,codling_moth,1
2026-06-12,77.4,60.3,block-c-04,oriental_fruit_moth,2
2026-06-12,77.4,60.3,block-d-01,codling_moth,0
2026-06-12,77.4,60.3,block-d-01,oriental_fruit_moth,0
2026-06-12,77.4,60.3,block-d-02,codling_moth,3
2026-06-12,77.4,60.3,block-d-02,oriental_fruit_moth,0
2026-06-12,77.4,60.3,block-d-03,codling_moth,1
2026-06-12,77.4,60.3,block-d-03,oriental_fruit_moth,0
2026-06-12,77.4,60.3,block-d-04,codling_moth,0
2026-06-12,77.4,60.3,block-d-04,oriental_fruit_moth,1
2026-06-12,77.4,60.3,block-e-01,codling_moth,3
2026-06-12,77.4,60.3,block-e-01,oriental_fruit_moth,0
2026-06-12,77.4,60.3,block-e-02,codling_moth,3
2026-06-12,77.4,60.3,block-e-02,oriental_fruit_moth,1
2026-06-12,77.4,60.3,block-e-03,codling_moth,0
2026-06-12,77.4,60.3,block-e-03,oriental_fruit_moth,0
2026-06-12,77.4,60.3,block-e-04,codling_moth,1
2026-06-12,77.4,60.3,block-e-04,oriental_fruit_moth,0
2026-06-13,84.5,63.2,block-a-01,codling_moth,0
2026-06-13,84.5,63.2,block-a-01,oriental_fruit_moth,0
2026-06-13,84.5,63.2,block-a-02,codling_moth,3
2026-06-13,84.5,63.2,block-a-02,oriental_fruit_moth,0
2026-06-13,84.5,63.2,block-a-03,codling_moth,1
2026-06-13,84.5,63.2,block-a-03,oriental_fruit_moth,2
2026-06-13,84.5,63.2,block-a-04,codling_moth,0
2026-06-13,84.5,63.2,block-a-04,oriental_fruit_moth,1
2026-06-13,84.5,63.2,block-b-01,codling_moth,1
2026-06-13,84.5,63.2,block-b-01,oriental_fruit_moth,1
2026-06-13,84.5,63.2,block-b-02,codling_moth,1
2026-06-13,84.5,63.2,block-b-02,oriental_fruit_moth,1
2026-06-13,84.5,63.2,block-b-03,codling_moth,1
2026-06-13,84.5,63.2,block-b-03,oriental_fruit_moth,2
2026-06-13,84.5,63.2,block-b-04,codling_moth,2
2026-06-13,84.5,63.2,block-b-04,oriental_fruit_moth,1
2026-06-13,84.5,63.2,block-c-01,codling_moth,1
2026-06-13,84.5,63.2,block-c-01,oriental_fruit_moth,0
2026-06-13,84.5,63.2,block-c-02,codling_moth,2
2026-06-13,84.5,63.2,block-c-02,oriental_fruit_moth,0
2026-06-13,84.5,63.2,block-c-03,codling_moth,0
2026-06-13,84.5,63.2,block-c-03,oriental_fruit_moth,0
2026-06-13,84.5,63.2,block-c-04,codling_moth,2
2026-06-13,84.5,63.2,block-c-04,oriental_fruit_moth,2
2026-06-13,84.5,63.2,block-d-01,codling_moth,1
2026-06-13,84.5,63.2,block-d-01,oriental_fruit_moth,0
2026-06-13,84.5,63.2,block-d-02,codling_moth,1
2026-06-13,84.5,63.2,block-d-02,oriental_fruit_moth,2
2026-06-13,84.5,63.2,block-d-03,codling_moth,3
2026-06-13,84.5,63.2,block-d-03,oriental_fruit_moth,2
2026-06-13,84.5,63.2,block-d-04,codling_moth,1
2026-06-13,84.5,63.2,block-d-04,oriental_fruit_moth,1
2026-06-13,84.5,63.2,block-e-01,codling_moth,1
2026-06-13,84.5,63.2,block-e-01,oriental_fruit_moth,1
2026-06-13,84.5,63.2,block-e-02,codling_moth,0
2026-06-13,84.5,63.2,block-e-02,oriental_fruit_moth,1
2026-06-13,84.5,63.2,block-e-03,codling_moth,2
2026-06-13,84.5,63.2,block-e-03,oriental_fruit_moth,1
2026-06-13,84.5,63.2,block-e-04,codling_moth,1
2026-06-13,84.5,63.2,block-e-04,oriental_fruit_moth,0
2026-06-14,78.5,59.8,block-a-01,codling_moth,3
2026-06-14,78.5,59.8,block-a-01,oriental_fruit_moth,0
2026-06-14,78.5,59.8,block-a-02,codling_moth,0
2026-06-14,78.5,59.8,block-a-02,oriental_fruit_moth,1
2026-06-14,78.5,59.8,block-a-03,codling_moth,2
2026-06-14,78.5,59.8,block-a-03,oriental_fruit_moth,0
2026-06-14,78.5,59.8,block-a-04,codling_moth,2
2026-06-14,78.5,59.8,block-a-04,oriental_fruit_moth,1
2026-06-14,78.5,59.8,block-b-01,codling_moth,0
2026-06-14,78.5,59.8,block-b-01,oriental_fruit_moth,0
2026-06-14,78.5,59.8,block-b-02,codling_moth,2
2026-06-14,78.5,59.8,block-b-02,oriental_fruit_moth,1
2026-06-14,78.5,59.8,block-b-03,codling_moth,0
2026-06-14,78.5,59.8,block-b-03,oriental_fruit_moth,1
2026-06-14,78.5,59.8,block-b-04,codling_moth,1
2026-06-14,78.5,59.8,block-b-04,oriental_fruit_moth,1
2026-06-14,78.5,59.8,block-c-01,codling_moth,0
2026-06-14,78.5,59.8,block-c-01,oriental_fruit_moth,1
2026-06-14,78.5,59.8,block-c-02,codling_moth,0
2026-06-14,78.5,59.8,block-c-02,oriental_fruit_moth,2
2026-06-14,78.5,59.8,block-c-03,codling_moth,0
2026-06-14,78.5,59.8,block-c-03,oriental_fruit_moth,0
2026-06-14,78.5,59.8,block-c-04,codling_moth,0
2026-06-14,78.5,59.8,block-c-04,oriental_fruit_moth,1
2026-06-14,78.5,59.8,block-d-01,codling_moth,3
2026-06-14,78.5,59.8,block-d-01,oriental_fruit_moth,0
2026-06-14,78.5,59.8,block-d-02,codling_moth,1
2026-06-14,78.5,59.8,block-d-02,oriental_fruit_moth,1
2026-06-14,78.5,59.8,block-d-03,codling_moth,2
2026-06-14,78.5,59.8,block-d-03,oriental_fruit_moth,1
2026-06-14,78.5,59.8,block-d-04,codling_moth,0
2026-06-14,78.5,59.8,block-d-04,oriental_fruit_moth,0
2026-06-14,78.5,59.8,block-e-01,codling_moth,2
2026-06-14,78.5,59.8,block-e-01,oriental_fruit_moth,3
2026-06-14,78.5,59.8,block-e-02,codling_moth,1
2026-06-14,78.5,59.8,block-e-02,oriental_fruit_moth,1
2026-06-14,78.5,59.8,block-e-03,codling_moth,1
2026-06-14,78.5,59.8,block-e-03,oriental_fruit_moth,1
2026-06-14,78.5,59.8,block-e-04,codling_moth,3
2026-06-14,78.5,59.8,block-e-04,oriental_fruit_moth,0
2026-06-15,81.5,60.3,block-a-01,codling_moth,0
2026-06-15,81.5,60.3,block-a-01,oriental_fruit_moth,2
2026-06-15,81.5,60.3,block-a-02,codling_moth,1
2026-06-15,81.5,60.3,block-a-02,oriental_fruit_moth,4
2026-06-15,81.5,60.3,block-a-03,codling_moth,1
2026-06-15,81.5,60.3,block-a-03,oriental_fruit_moth,1
2026-06-15,81.5,60.3,block-a-04,codling_moth,3
2026-06-15,81.5,60.3,block-a-04,oriental_fruit_moth,0
2026-06-15,81.5,60.3,block-b-01,codling_moth,0
2026-06-15,81.5,60.3,block-b-01,oriental_fruit_moth,1
2026-06-15,81.5,60.3,block-b-02,codling_moth,3
2026-06-15,81.5,60.3,block-b-02,oriental_fruit_moth,0
2026-06-15,81.5,60.3,block-b-03,codling_moth,1
2026-06-15,81.5,60.3,block-b-03,oriental_fruit_moth,1
2026-06-15,81.5,60.3,block-b-04,codling_moth,2
2026-06-15,81.5,60.3,block-b-04,oriental_fruit_moth,0
2026-06-15,81.5,60.3,block-c-01,codling_moth,0
2026-06-15,81.5,60.3,block-c-01,oriental_fruit_moth,0
2026-06-15,81.5,60.3,block-c-02,codling_moth,2
2026-06-15,81.5,60.3,block-c-02,oriental_fruit_moth,0
2026-06-15,81.5,60.3,block-c-03,codling_moth,0
2026-06-15,81.5,60.3,block-c-03,oriental_fruit_moth,0
2026-06-15,81.5,60.3,block-c-04,codling_moth,0
2026-06-15,81.5,60.3,block-c-04,oriental_fruit_moth,2
2026-06-15,81.5,60.3,block-d-01,codling_moth,2
2026-06-15,81.5,60.3,block-d-01,oriental_fruit_moth,0
2026-06-15,81.5,60.3,block-d-02,codling_moth,0
2026-06-15,81.5,60.3,block-d-02,oriental_fruit_moth,2
2026-06-15,81.5,60.3,block-d-03,codling_moth,0
2026-06-15,81.5,60.3,block-d-03,oriental_fruit_moth,1
2026-06-15,81.5,60.3,block-d-04,codling_moth,1
2026-06-15,81.5,60.3,block-d-04,oriental_fruit_moth,0
2026-06-15,81.5,60.3,block-e-01,codling_moth,3
2026-06-15,81.5,60.3,block-e-01,oriental_fruit_moth,4
2026-06-15,81.5,60.3,block-e-02,codling_moth,2
2026-06-15,81.5,60.3,block-e-02,oriental_fruit_moth,0
2026-06-15,81.5,60.3,block-e-03,codling_moth,0
2026-06-15,81.5,60.3,block-e-03,oriental_fruit_moth,0
2026-06-15,81.5,60.3,block-e-04,codling_moth,1
2026-06-15,81.5,60.3,block-e-04,oriental_fruit_moth,1
2026-06-16,81.6,60.3,block-a-01,codling_moth,1
2026-06-16,81.6,60.3,block-a-01,oriental_fruit_moth,2
2026-06-16,81.6,60.3,block-a-02,codling_moth,1
2026-06-16,81.6,60.3,block-a-02,oriental_fruit_moth,0
2026-06-16,81.6,60.3,block-a-03,codling_moth,0
2026-06-16,81.6,60.3,block-a-03,oriental_fruit_moth,2
2026-06-16,81.6,60.3,block-a-04,codling_moth,2
2026-06-16,81.6,60.3,block-a-04,oriental_fruit_moth,1
2026-06-16,81.6,60.3,block-b-01,codling_moth,6
2026-06-16,81.6,60.3,block-b-01,oriental_fruit_moth,1
2026-06-16,81.6,60.3,block-b-02,codling_moth,0
2026-06-16,81.6,60.3,block-b-02,oriental_fruit_moth,3
2026-06-16,81.6,60.3,block-b-03,codling_moth,1
2026-06-16,81.6,60.3,block-b-03,oriental_fruit_moth,0
2026-06-16,81.6,60.3,block-b-04,codling_moth,0
2026-06-16,81.6,60.3,block-b-04,oriental_fruit_moth,2
2026-06-16,81.6,60.3,block-c-01,codling_moth,0
2026-06-16,81.6,60.3,block-c-01,oriental_fruit_moth,1
2026-06-16,81.6,60.3,block-c-02,codling_moth,1
2026-06-16,81.6,60.3,block-c-02,oriental_fruit_moth,2
2026-06-16,81.6,60.3,block-c-03,codling_moth,1
2026-06-16,81.6,60.3,block-c-03,oriental_fruit_moth,1
2026-06-16,81.6,60.3,block-c-04,codling_moth,2
2026-06-16,81.6,60.3,block-c-04,oriental_fruit_moth,3
2026-06-16,81.6,60.3,block-d-01,codling_moth,1
2026-06-16,81.6,60.3,block-d-01,oriental_fruit_moth,0
2026-06-16,81.6,60.3,block-d-02,codling_moth,1
2026-06-16,81.6,60.3,block-d-02,oriental_fruit_moth,1
2026-06-16,81.6,60.3,block-d-03,codling_moth,3
2026-06-16,81.6,60.3,block-d-03,oriental_fruit_moth,2
2026-06-16,81.6,60.3,block-d-04,codling_moth,3
2026-06-16,81.6,60.3,block-d-04,oriental_fruit_moth,2
2026-06-16,81.6,60.3,block-e-01,codling_moth,2
2026-06-16,81.6,60.3,block-e-01,oriental_fruit_moth,1
2026-06-16,81.6,60.3,block-e-02,codling_moth,0
2026-06-16,81.6,60.3,block-e-02,oriental_fruit_moth,0
2026-06-16,81.6,60.3,block-e-03,codling_moth,1
2026-06-16,81.6,60.3,block-e-03,oriental_fruit_moth,2
2026-06-16,81.6,60.3,block-e-04,codling_moth,1
2026-06-16,81.6,60.3,block-e-04,oriental_fruit_moth,2
2026-06-17,79.3,59.2,block-a-01,codling_moth,3
2026-06-17,79.3,59.2,block-a-01,oriental_fruit_moth,1
2026-06-17,79.3,59.2,block-a-02,codling_moth,1
2026-06-17,79.3,59.2,block-a-02,oriental_fruit_moth,1
2026-06-17,79.3,59.2,block-a-03,codling_moth,0
2026-06-17,79.3,59.2,block-a-03,oriental_fruit_moth,2
2026-06-17,79.3,59.2,block-a-04,codling_moth,0
2026-06-17,79.3,59.2,block-a-04,oriental_fruit_moth,2
2026-06-17,79.3,59.2,block-b-01,codling_moth,1
2026-06-17,79.3,59.2,block-b-01,oriental_fruit_moth,1
2026-06-17,79.3,59.2,block-b-02,codling_moth,3
2026-06-17,79.3,59.2,block-b-02,oriental_fruit_moth,2
2026-06-17,79.3,59.2,block-b-03,codling_moth,2
2026-06-17,79.3,59.2,block-b-03,oriental_fruit_moth,0
2026-06-17,79.3,59.2,block-b-04,codling_moth,0
2026-06-17,79.3,59.2,block-b-04,oriental_fruit_moth,0
2026-06-17,79.3,59.2,block-c-01,codling_moth,0
2026-06-17,79.3,59.2,block-c-01,oriental_fruit_moth,2
2026-06-17,79.3,59.2,block-c-02,codling_moth,1
2026-06-17,79.3,59.2,block-c-02,oriental_fruit_moth,1
2026-06-17,79.3,59.2,block-c-03,codling_moth,0
2026-06-17,79.3,59.2,block-c-03,oriental_fruit_moth,0
2026-06-17,79.3,59.2,block-c-04,codling_moth,2
2026-06-17,79.3,59.2,block-c-04,oriental_fruit_moth,0
2026-06-17,79.3,59.2,block-d-01,codling_moth,2
2026-06-17,79.3,59.2,block-d-01,oriental_fruit_moth,0
2026-06-17,79.3,59.2,block-d-02,codling_moth,1
2026-06-17,79.3,59.2,block-d-02,oriental_fruit_moth,3
2026-06-17,79.3,59.2,block-d-03,codling_moth,3
2026-06-17,79.3,59.2,block-d-03,oriental_fruit_moth,0
2026-06-17,79.3,59.2,block-d-04,codling_moth,1
2026-06-17,79.3,59.2,block-d-04,oriental_fruit_moth,0
2026-06-17,79.3,59.2,block-e-01,codling_moth,1
2026-06-17,79.3,59.2,block-e-01,oriental_fruit_moth,1
2026-06-17,79.3,59.2,block-e-02,codling_moth,0
2026-06-17,79.3,59.2,block-e-02,oriental_fruit_moth,1
2026-06-17,79.3,59.2,block-e-03,codling_moth,3
2026-06-17,79.3,59.2,block-e-03,oriental_fruit_moth,3
2026-06-17,79.3,59.2,block-e-04,codling_moth,0
2026-06-17,79.3,59.2,block-e-04,oriental_fruit_moth,0
2026-06-18,81.5,62.7,block-a-01,codling_moth,0
2026-06-18,81.5,62.7,block-a-01,oriental_fruit_moth,0
2026-06-18,81.5,62.7,block-a-02,codling_moth,3
2026-06-18,81.5,62.7,block-a-02,oriental_fruit_moth,1
2026-06-18,81.5,62.7,block-a-03,codling_moth,1
2026-06-18,81.5,62.7,block-a-03,oriental_fruit_moth,1
2026-06-18,81.5,62.7,block-a-04,codling_moth,0
2026-06-18,81.5,62.7,block-a-04,oriental_fruit_moth,2
2026-06-18,81.5,62.7,block-b-01,codling_moth,2
2026-06-18,81.5,62.7,block-b-01,oriental_fruit_moth,1
2026-06-18,81.5,62.7,block-b-02,codling_moth,2
2026-06-18,81.5,62.7,block-b-02,oriental_fruit_moth,2
2026-06-18,81.5,62.7,block-b-03,codling_moth,1
2026-06-18,81.5,62.7,block-b-03,oriental_fruit_moth,4
2026-06-18,81.5,62.7,block-b-04,codling_moth,2
2026-06-18,81.5,62.7,block-b-04,oriental_fruit_moth,2
2026-06-18,81.5,62.7,block-c-01,codling_moth,0
2026-06-18,81.5,62.7,block-c-01,oriental_fruit_moth,2
2026-06-18,81.5,62.7,block-c-02,codling_moth,1
2026-06-18,81.5,62.7,block-c-02,oriental_fruit_moth,2
2026-06-18,81.5,62.7,block-c-03,codling_moth,0
2026-06-18,81.5,62.7,block-c-03,oriental_fruit_moth,1
2026-06-18,81.5,62.7,block-c-04,codling_moth,3
2026-06-18,81.5,62.7,block-c-04,oriental_fruit_moth,1
2026-06-18,81.5,62.7,block-d-01,codling_moth,2
2026-06-18,81.5,62.7,block-d-01,oriental_fruit_moth,1
2026-06-18,81.5,62.7,block-d-02,codling_moth,0
2026-06-18,81.5,62.7,block-d-02,oriental_fruit_moth,2
2026-06-18,81.5,62.7,block-d-03,codling_moth,2
2026-06-18,81.5,62.7,block-d-03,oriental_fruit_moth,1
2026-06-18,81.5,62.7,block-d-04,codling_moth,1
2026-06-18,81.5,62.7,block-d-04,oriental_fruit_moth,2
2026-06-18,81.5,62.7,block-e-01,codling_moth,1
2026-06-18,81.5,62.7,block-e-01,oriental_fruit_moth,1
2026-06-18,81.5,62.7,block-e-02,codling_moth,1
2026-06-18,81.5,62.7,block-e-02,oriental_fruit_moth,1
2026-06-18,81.5,62.7,block-e-03,codling_moth,0
2026-06-18,81.5,62.7,block-e-03,oriental_fruit_moth,1
2026-06-18,81.5,62.7,block-e-04,codling_moth,1
2026-06-18,81.5,62.7,block-e-04,oriental_fruit_moth,0
2026-06-19,84.4,65.2,block-a-01,codling_moth,1
2026-06-19,84.4,65.2,block-a-01,oriental_fruit_moth,1
2026-06-19,84.4,65.2,block-a-02,codling_moth,0
2026-06-19,84.4,65.2,block-a-02,oriental_fruit_moth,0
2026-06-19,84.4,65.2,block-a-03,codling_moth,0
2026-06-19,84.4,65.2,block-a-03,oriental_fruit_moth,2
2026-06-19,84.4,65.2,block-a-04,codling_moth,1
2026-06-19,84.4,65.2,block-a-04,oriental_fruit_moth,1
2026-06-19,84.4,65.2,block-b-01,codling_moth,3
2026-06-19,84.4,65.2,block-b-01,oriental_fruit_moth,3
2026-06-19,84.4,65.2,block-b-02,codling_moth,0
2026-06-19,84.4,65.2,block-b-02,oriental_fruit_moth,2
2026-06-19,84.4,65.2,block-b-03,codling_moth,1
2026-06-19,84.4,65.2,block-b-03,oriental_fruit_moth,0
2026-06-19,84.4,65.2,block-b-04,codling_moth,1
2026-06-19,84.4,65.2,block-b-04,oriental_fruit_moth,1
2026-06-19,84.4,65.2,block-c-01,codling_moth,1
2026-06-19,84.4,65.2,block-c-01,oriental_fruit_moth,0
2026-06-19,84.4,65.2,block-c-02,codling_moth,1
2026-06-19,84.4,65.2,block-c-02,oriental_fruit_moth,0
2026-06-19,84.4,65.2,block-c-03,codling_moth,1
2026-06-19,84.4,65.2,block-c-03,oriental_fruit_moth,0
2026-06-19,84.4,65.2,block-c-04,codling_moth,2
2026-06-19,84.4,65.2,block-c-04,oriental_fruit_moth,0
2026-06-19,84.4,65.2,block-d-01,codling_moth,0
2026-06-19,84.4,65.2,block-d-01,oriental_fruit_moth,0
2026-06-19,84.4,65.2,block-d-02,codling_moth,2
2026-06-19,84.4,65.2,block-d-02,oriental_fruit_moth,0
2026-06-19,84.4,65.2,block-d-03,codling_moth,2
2026-06-19,84.4,65.2,block-d-03,oriental_fruit_moth,2
2026-06-19,84.4,65.2,block-d-04,codling_moth,1
2026-06-19,84.4,65.2,block-d-04,oriental_fruit_moth,0
2026-06-19,84.4,65.2,block-e-01,codling_moth,1
2026-06-19,84.4,65.2,block-e-01,oriental_fruit_moth,2
2026-06-19,84.4,65.2,block-e-02,codling_moth,1
2026-06-19,84.4,65.2,block-e-02,oriental_fruit_moth,0
2026-06-19,84.4,65.2,block-e-03,codling_moth,1
2026-06-19,84.4,65.2,block-e-03,oriental_fruit_moth,0
2026-06-19,84.4,65.2,block-e-04,codling_moth,1
2026-06-19,84.4,65.2,block-e-04,oriental_fruit_moth,0
2026-06-20,89.3,70.2,block-a-01,codling_moth,0
2026-06-20,89.3,70.2,block-a-01,oriental_fruit_moth,0
2026-06-20,89.3,70.2,block-a-02,codling_moth,1
2026-06-20,89.3,70.2,block-a-02,oriental_fruit_moth,3
2026-06-20,89.3,70.2,block-a-03,codling_moth,0
2026-06-20,89.3,70.2,block-a-03,oriental_fruit_moth,2
2026-06-20,89.3,70.2,block-a-04,codling_moth,1
2026-06-20,89.3,70.2,block-a-04,oriental_fruit_moth,1
2026-06-20,89.3,70.2,block-b-01,codling_moth,1
2026-06-20,89.3,70.2,block-b-01,oriental_fruit_moth,1
2026-06-20,89.3,70.2,block-b-02,codling_moth,1
2026-06-20,89.3,70.2,block-b-02,oriental_fruit_moth,0
2026-06-20,89.3,70.2,block-b-03,codling_moth,0
2026-06-20,89.3,70.2,block-b-03,oriental_fruit_moth,1
2026-06-20,89.3,70.2,block-b-04,codling_moth,0
2026-06-20,89.3,70.2,block-b-04,oriental_fruit_moth,1
2026-06-20,89.3,70.2,block-c-01,codling_moth,0
2026-06-20,89.3,70.2,block-c-01,oriental_fruit_moth,1
2026-06-20,89.3,70.2,block-c-02,codling_moth,0
2026-06-20,89.3,70.2,block-c-02,oriental_fruit_moth,2
2026-06-20,89.3,70.2,block-c-03,codling_moth,2
2026-06-20,89.3,70.2,block-c-03,oriental_fruit_moth,2
2026-06-20,89.3,70.2,block-c-04,codling_moth,1
2026-06-20,89.3,70.2,block-c-04,oriental_fruit_moth,0
2026-06-20,89.3,70.2,block-d-01,codling_moth,1
2026-06-20,89.3,70.2,block-d-01,oriental_fruit_moth,2
2026-06-20,89.3,70.2,block-d-02,codling_moth,1
2026-06-20,89.3,70.2,block-d-02,oriental_fruit_moth,2
2026-06-20,89.3,70.2,block-d-03,codling_moth,1
2026-06-20,89.3,70.2,block-d-03,oriental_fruit_moth,2
2026-06-20,89.3,70.2,block-d-04,codling_moth,0
2026-06-20,89.3,70.2,block-d-04,oriental_fruit_moth,0
2026-06-20,89.3,70.2,block-e-01,codling_moth,4
2026-06-20,89.3,70.2,block-e-01,oriental_fruit_moth,2
2026-06-20,89.3,70.2,block-e-02,codling_moth,0
2026-06-20,89.3,70.2,block-e-02,oriental_fruit_moth,2
2026-06-20,89.3,70.2,block-e-03,codling_moth,0
2026-06-20,89.3,70.2,block-e-03,oriental_fruit_moth,0
2026-06-20,89.3,70.2,block-e-04,codling_moth,0
2026-06-20,89.3,70.2,block-e-04,oriental_fruit_moth,0
2026-06-21,82.5,63.9,block-a-01,codling_moth,0
2026-06-21,82.5,63.9,block-a-01,oriental_fruit_moth,0
2026-06-21,82.5,63.9,block-a-02,codling_moth,1
2026-06-21,82.5,63.9,block-a-02,oriental_fruit_moth,2
2026-06-21,82.5,63.9,block-a-03,codling_moth,0
2026-06-21,82.5,63.9,block-a-03,oriental_fruit_moth,1
2026-06-21,82.5,63.9,block-a-04,codling_moth,0
2026-06-21,82.5,63.9,block-a-04,oriental_fruit_moth,0
2026-06-21,82.5,63.9,block-b-01,codling_moth,2
2026-06-21,82.5,63.9,block-b-01,oriental_fruit_moth,1
2026-06-21,82.5,63.9,block-b-02,codling_moth,1
2026-06-21,82.5,63.9,block-b-02,oriental_fruit_moth,2
2026-06-21,82.5,63.9,block-b-03,codling_moth,0
2026-06-21,82.5,63.9,block-b-03,oriental_fruit_moth,1
2026-06-21,82.5,63.9,block-b-04,codling_moth,0
2026-06-21,82.5,63.9,block-b-04,oriental_fruit_moth,0
2026-06-21,82.5,63.9,block-c-01,codling_moth,0
2026-06-21,82.5,63.9,block-c-01,oriental_fruit_moth,1
2026-06-21,82.5,63.9,block-c-02,codling_moth,0
2026-06-21,82.5,63.9,block-c-02,oriental_fruit_moth,1
2026-06-21,82.5,63.9,block-c-03,codling_moth,0
2026-06-21,82.5,63.9,block-c-03,oriental_fruit_moth,0
2026-06-21,82.5,63.9,block-c-04,codling_moth,0
2026-06-21,82.5,63.9,block-c-04,oriental_fruit_moth,2
2026-06-21,82.5,63.9,block-d-01,codling_moth,0
2026-06-21,82.5,63.9,block-d-01,oriental_fruit_moth,3
2026-06-21,82.5,63.9,block-d-02,codling_moth,0
2026-06-21,82.5,63.9,block-d-02,oriental_fruit_moth,2
2026-06-21,82.5,63.9,block-d-03,codling_moth,2
2026-06-21,82.5,63.9,block-d-03,oriental_fruit_moth,1
2026-06-21,82.5,63.9,block-d-04,codling_moth,0
2026-06-21,82.5,63.9,block-d-04,oriental_fruit_moth,0
2026-06-21,82.5,63.9,block-e-01,codling_moth,0
2026-06-21,82.5,63.9,block-e-01,oriental_fruit_moth,2
2026-06-21,82.5,63.9,block-e-02,codling_moth,0
2026-06-21,82.5,63.9,block-e-02,oriental_fruit_moth,1
2026-06-21,82.5,63.9,block-e-03,codling_moth,0
2026-06-21,82.5,63.9,block-e-03,oriental_fruit_moth,1
2026-06-21,82.5,63.9,block-e-04,codling_moth,1
2026-06-21,82.5,63.9,block-e-04,oriental_fruit_moth,2
2026-06-22,86.0,67.9,block-a-01,codling_moth,2
2026-06-22,86.0,67.9,block-a-01,oriental_fruit_moth,0
2026-06-22,86.0,67.9,block-a-02,codling_moth,0
2026-06-22,86.0,67.9,block-a-02,oriental_fruit_moth,2
2026-06-22,86.0,67.9,block-a-03,codling_moth,1
2026-06-22,86.0,67.9,block-a-03,oriental_fruit_moth,0
2026-06-22,86.0,67.9,block-a-04,codling_moth,1
2026-06-22,86.0,67.9,block-a-04,oriental_fruit_moth,0
2026-06-22,86.0,67.9,block-b-01,codling_moth,1
2026-06-22,86.0,67.9,block-b-01,oriental_fruit_moth,3
2026-06-22,86.0,67.9,block-b-02,codling_moth,2
2026-06-22,86.0,67.9,block-b-02,oriental_fruit_moth,2
2026-06-22,86.0,67.9,block-b-03,codling_moth,2
2026-06-22,86.0,67.9,block-b-03,oriental_fruit_moth,1
2026-06-22,86.0,67.9,block-b-04,codling_moth,1
2026-06-22,86.0,67.9,block-b-04,oriental_fruit_moth,0
2026-06-22,86.0,67.9,block-c-01,codling_moth,0
2026-06-22,86.0,67.9,block-c-01,oriental_fruit_moth,0
2026-06-22,86.0,67.9,block-c-02,codling_moth,3
2026-06-22,86.0,67.9,block-c-02,oriental_fruit_moth,1
2026-06-22,86.0,67.9,block-c-03,codling_moth,0
2026-06-22,86.0,67.9,block-c-03,oriental_fruit_moth,2
2026-06-22,86.0,67.9,block-c-04,codling_moth,1
2026-06-22,86.0,67.9,block-c-04,oriental_fruit_moth,1
2026-06-22,86.0,67.9,block-d-01,codling_moth,0
2026-06-22,86.0,67.9,block-d-01,oriental_fruit_moth,1
2026-06-22,86.0,67.9,block-d-02,codling_moth,0
2026-06-22,86.0,67.9,block-d-02,oriental_fruit_moth,0
2026-06-22,86.0,67.9,block-d-03,codling_moth,0
2026-06-22,86.0,67.9,block-d-03,oriental_fruit_moth,0
2026-06-22,86.0,67.9,block-d-04,codling_moth,0
2026-06-22,86.0,67.9,block-d-04,oriental_fruit_moth,0
2026-06-22,86.0,67.9,block-e-01,codling_moth,1
2026-06-22,86.0,67.9,block-e-01,oriental_fruit_moth,2
2026-06-22,86.0,67.9,block-e-02,codling_moth,0
2026-06-22,86.0,67.9,block-e-02,oriental_fruit_moth,1
2026-06-22,86.0,67.9,block-e-03,codling_moth,1
2026-06-22,86.0,67.9,block-e-03,oriental_fruit_moth,0
2026-06-22,86.0,67.9,block-e-04,codling_moth,0
2026-06-22,86.0,67.9,block-e-04,oriental_fruit_moth,0
2026-06-23,81.5,63.7,block-a-01,codling_moth,0
2026-06-23,81.5,63.7,block-a-01,oriental_fruit_moth,0
2026-06-23,81.5,63.7,block-a-02,codling_moth,0
2026-06-23,81.5,63.7,block-a-02,oriental_fruit_moth,2
2026-06-23,81.5,63.7,block-a-03,codling_moth,0
2026-06-23,81.5,63.7,block-a-03,oriental_fruit_moth,0
2026-06-23,81.5,63.7,block-a-04,codling_moth,3
2026-06-23,81.5,63.7,block-a-04,oriental_fruit_moth,2
2026-06-23,81.5,63.7,block-b-01,codling_moth,1
2026-06-23,81.5,63.7,block-b-01,oriental_fruit_moth,2
2026-06-23,81.5,63.7,block-b-02,codling_moth,0
2026-06-23,81.5,63.7,block-b-02,oriental_fruit_moth,1
2026-06-23,81.5,63.7,block-b-03,codling_moth,3
2026-06-23,81.5,63.7,block-b-03,oriental_fruit_moth,1
2026-06-23,81.5,63.7,block-b-04,codling_moth,1
2026-06-23,81.5,63.7,block-b-04,oriental_fruit_moth,1
2026-06-23,81.5,63.7,block-c-01,codling_moth,0
2026-06-23,81.5,63.7,block-c-01,oriental_fruit_moth,1
2026-06-23,81.5,63.7,block-c-02,codling_moth,0
2026-06-23,81.5,63.7,block-c-02,oriental_fruit_moth,0
2026-06-23,81.5,63.7,block-c-03,codling_moth,1
2026-06-23,81.5,63.7,block-c-03,oriental_fruit_moth,0
2026-06-23,81.5,63.7,block-c-04,codling_moth,1
2026-06-23,81.5,63.7,block-c-04,oriental_fruit_moth,1
2026-06-23,81.5,63.7,block-d-01,codling_moth,2
2026-06-23,81.5,63.7,block-d-01,oriental_fruit_moth,0
2026-06-23,81.5,63.7,block-d-02,codling_moth,1
2026-06-23,81.5,63.7,block-d-02,oriental_fruit_moth,1
2026-06-23,81.5,63.7,block-d-03,codling_moth,2
2026-06-23,81.5,63.7,block-d-03,oriental_fruit_moth,3
2026-06-23,81.5,63.7,block-d-04,codling_moth,1
2026-06-23,81.5,63.7,block-d-04,oriental_fruit_moth,2
2026-06-23,81.5,63.7,block-e-01,codling_moth,3
2026-06-23,81.5,63.7,block-e-01,oriental_fruit_moth,1
2026-06-23,81.5,63.7,block-e-02,codling_moth,1
2026-06-23,81.5,63.7,block-e-02,oriental_fruit_moth,2
2026-06-23,81.5,63.7,block-e-03,codling_moth,1
2026-06-23,81.5,63.7,block-e-03,oriental_fruit_moth,1
2026-06-23,81.5,63.7,block-e-04,codling_moth,0
2026-06-23,81.5,63.7,block-e-04,oriental_fruit_moth,0
2026-06-24,77.8,56.6,block-a-01,codling_moth,1
2026-06-24,77.8,56.6,block-a-01,oriental_fruit_moth,1
2026-06-24,77.8,56.6,block-a-02,codling_moth,0
2026-06-24,77.8,56.6,block-a-02,oriental_fruit_moth,3
2026-06-24,77.8,56.6,block-a-03,codling_moth,2
2026-06-24,77.8,56.6,block-a-03,oriental_fruit_moth,0
2026-06-24,77.8,56.6,block-a-04,codling_moth,1
2026-06-24,77.8,56.6,block-a-04,oriental_fruit_moth,0
2026-06-24,77.8,56.6,block-b-01,codling_moth,1
2026-06-24,77.8,56.6,block-b-01,oriental_fruit_moth,1
2026-06-24,77.8,56.6,block-b-02,codling_moth,1
2026-06-24,77.8,56.6,block-b-02,oriental_fruit_moth,1
2026-06-24,77.8,56.6,block-b-03,codling_moth,0
2026-06-24,77.8,56.6,block-b-03,oriental_fruit_moth,1
2026-06-24,77.8,56.6,block-b-04,codling_moth,1
2026-06-24,77.8,56.6,block-b-04,oriental_fruit_moth,0
2026-06-24,77.8,56.6,block-c-01,codling_moth,2
2026-06-24,77.8,56.6,block-c-01,oriental_fruit_moth,2
2026-06-24,77.8,56.6,block-c-02,codling_moth,3
2026-06-24,77.8,56.6,block-c-02,oriental_fruit_moth,1
2026-06-24,77.8,56.6,block-c-03,codling_moth,0
2026-06-24,77.8,56.6,block-c-03,oriental_fruit_moth,1
2026-06-24,77.8,56.6,block-c-04,codling_moth,0
2026-06-24,77.8,56.6,block-c-04,oriental_fruit_moth,0
2026-06-24,77.8,56.6,block-d-01,codling_moth,1
2026-06-24,77.8,56.6,block-d-01,oriental_fruit_moth,0
2026-06-24,77.8,56.6,block-d-02,codling_moth,1
2026-06-24,77.8,56.6,block-d-02,oriental_fruit_moth,0
2026-06-24,77.8,56.6,block-d-03,codling_moth,3
2026-06-24,77.8,56.6,block-d-03,oriental_fruit_moth,0
2026-06-24,77.8,56.6,block-d-04,codling_moth,1
2026-06-24,77.8,56.6,block-d-04,oriental_fruit_moth,2
2026-06-24,77.8,56.6,block-e-01,codling_moth,1
2026-06-24,77.8,56.6,block-e-01,oriental_fruit_moth,3
2026-06-24,77.8,56.6,block-e-02,codling_moth,0
2026-06-24,77.8,56.6,block-e-02,oriental_fruit_moth,2
2026-06-24,77.8,56.6,block-e-03,codling_moth,0
2026-06-24,77.8,56.6,block-e-03,oriental_fruit_moth,0
2026-06-24,77.8,56.6,block-e-04,codling_moth,0
2026-06-24,77.8,56.6,block-e-04,oriental_fruit_moth,0
2026-06-25,79.6,63.3,block-a-01,codling_moth,0
2026-06-25,79.6,63.3,block-a-01,oriental_fruit_moth,0
2026-06-25,79.6,63.3,block-a-02,codling_moth,1
2026-06-25,79.6,63.3,block-a-02,oriental_fruit_moth,0
2026-06-25,79.6,63.3,block-a-03,codling_moth,0
2026-06-25,79.6,63.3,block-a-03,oriental_fruit_moth,2
2026-06-25,79.6,63.3,block-a-04,codling_moth,1
2026-06-25,79.6,63.3,block-a-04,oriental_fruit_moth,0
2026-06-25,79.6,63.3,block-b-01,codling_moth,1
2026-06-25,79.6,63.3,block-b-01,oriental_fruit_moth,1
2026-06-25,79.6,63.3,block-b-02,codling_moth,1
2026-06-25,79.6,63.3,block-b-02,oriental_fruit_moth,1
2026-06-25,79.6,63.3,block-b-03,codling_moth,0
2026-06-25,79.6,63.3,block-b-03,oriental_fruit_moth,4
2026-06-25,79.6,63.3,block-b-04,codling_moth,0
2026-06-25,79.6,63.3,block-b-04,oriental_fruit_moth,1
2026-06-25,79.6,63.3,block-c-01,codling_moth,0
2026-06-25,79.6,63.3,block-c-01,oriental_fruit_moth,1
2026-06-25,79.6,63.3,block-c-02,codling_moth,1
2026-06-25,79.6,63.3,block-c-02,oriental_fruit_moth,2
2026-06-25,79.6,63.3,block-c-03,codling_moth,1
2026-06-25,79.6,63.3,block-c-03,oriental_fruit_moth,0
2026-06-25,79.6,63.3,block-c-04,codling_moth,0
2026-06-25,79.6,63.3,block-c-04,oriental_fruit_moth,0
2026-06-25,79.6,63.3,block-d-01,codling_moth,0
2026-06-25,79.6,63.3,block-d-01,oriental_fruit_moth,1
2026-06-25,79.6,63.3,block-d-02,codling_moth,0
2026-06-25,79.6,63.3,block-d-02,oriental_fruit_moth,1
2026-06-25,79.6,63.3,block-d-03,codling_moth,1
2026-06-25,79.6,63.3,block-d-03,oriental_fruit_moth,0
2026-06-25,79.6,63.3,block-d-04,codling_moth,0
2026-06-25,79.6,63.3,block-d-04,oriental_fruit_moth,1
2026-06-25,79.6,63.3,block-e-01,codling_moth,1
2026-06-25,79.6,63.3,block-e-01,oriental_fruit_moth,1
2026-06-25,79.6,63.3,block-e-02,codling_moth,0
2026-06-25,79.6,63.3,block-e-02,oriental_fruit_moth,1
2026-06-25,79.6,63.3,block-e-03,codling_moth,0
2026-06-25,79.6,63.3,block-e-03,oriental_fruit_moth,2
2026-06-25,79.6,63.3,block-e-04,codling_moth,0
2026-06-25,79.6,63.3,block-e-04,oriental_fruit_moth,0
2026-06-26,77.7,57.0,block-a-01,codling_moth,0
2026-06-26,77.7,57.0,block-a-01,oriental_fruit_moth,1
2026-06-26,77.7,57.0,block-a-02,codling_moth,2
2026-06-26,77.7,57.0,block-a-02,oriental_fruit_moth,0
2026-06-26,77.7,57.0,block-a-03,codling_moth,1
2026-06-26,77.7,57.0,block-a-03,oriental_fruit_moth,0
2026-06-26,77.7,57.0,block-a-04,codling_moth,1
2026-06-26,77.7,57.0,block-a-04,oriental_fruit_moth,1
2026-06-26,77.7,57.0,block-b-01,codling_moth,0
2026-06-26,77.7,57.0,block-b-01,oriental_fruit_moth,1
2026-06-26,77.7,57.0,block-b-02,codling_moth,0
2026-06-26,77.7,57.0,block-b-02,oriental_fruit_moth,1
2026-06-26,77.7,57.0,block-b-03,codling_moth,0
2026-06-26,77.7,57.0,block-b-03,oriental_fruit_moth,2
2026-06-26,77.7,57.0,block-b-04,codling_moth,0
2026-06-26,77.7,57.0,block-b-04,oriental_fruit_moth,0
2026-06-26,77.7,57.0,block-c-01,codling_moth,0
2026-06-26,77.7,57.0,block-c-01,oriental_fruit_moth,0
2026-06-26,77.7,57.0,block-c-02,codling_moth,0
2026-06-26,77.7,57.0,block-c-02,oriental_fruit_moth,0
2026-06-26,77.7,57.0,block-c-03,codling_moth,0
2026-06-26,77.7,57.0,block-c-03,oriental_fruit_moth,0
2026-06-26,77.7,57.0,block-c-04,codling_moth,0
2026-06-26,77.7,57.0,block-c-04,oriental_fruit_moth,1
2026-06-26,77.7,57.0,block-d-01,codling_moth,0
2026-06-26,77.7,57.0,block-d-01,oriental_fruit_moth,0
2026-06-26,77.7,57.0,block-d-02,codling_moth,1
2026-06-26,77.7,57.0,block-d-02,oriental_fruit_moth,1
2026-06-26,77.7,57.0,block-d-03,codling_moth,3
2026-06-26,77.7,57.0,block-d-03,oriental_fruit_moth,1
2026-06-26,77.7,57.0,block-d-04,codling_moth,0
2026-06-26,77.7,57.0,block-d-04,oriental_fruit_moth,0
2026-06-26,77.7,57.0,block-e-01,codling_moth,1
2026-06-26,77.7,57.0,block-e-01,oriental_fruit_moth,2
2026-06-26,77.7,57.0,block-e-02,codling_moth,0
2026-06-26,77.7,57.0,block-e-02,oriental_fruit_moth,0
2026-06-26,77.7,57.0,block-e-03,codling_moth,1
2026-06-26,77.7,57.0,block-e-03,oriental_fruit_moth,1
2026-06-26,77.7,57.0,block-e-04,codling_moth,0
2026-06-26,77.7,57.0,block-e-04,oriental_fruit_moth,2
2026-06-27,80.8,62.3,block-a-01,codling_moth,0
2026-06-27,80.8,62.3,block-a-01,oriental_fruit_moth,0
2026-06-27,80.8,62.3,block-a-02,codling_moth,0
2026-06-27,80.8,62.3,block-a-02,oriental_fruit_moth,0
2026-06-27,80.8,62.3,block-a-03,codling_moth,1
2026-06-27,80.8,62.3,block-a-03,oriental_fruit_moth,2
2026-06-27,80.8,62.3,block-a-04,codling_moth,0
2026-06-27,80.8,62.3,block-a-04,oriental_fruit_moth,0
2026-06-27,80.8,62.3,block-b-01,codling_moth,0
2026-06-27,80.8,62.3,block-b-01,oriental_fruit_moth,0
2026-06-27,80.8,62.3,block-b-02,codling_moth,1
2026-06-27,80.8,62.3,block-b-02,oriental_fruit_moth,0
2026-06-27,80.8,62.3,block-b-03,codling_moth,0
2026-06-27,80.8,62.3,block-b-03,oriental_fruit_moth,1
2026-06-27,80.8,62.3,block-b-04,codling_moth,0
2026-06-27,80.8,62.3,block-b-04,oriental_fruit_moth,0
2026-06-27,80.8,62.3,block-c-01,codling_moth,0
2026-06-27,80.8,62.3,block-c-01,oriental_fruit_moth,0
2026-06-27,80.8,62.3,block-c-02,codling_moth,1
2026-06-27,80.8,62.3,block-c-02,oriental_fruit_moth,1
2026-06-27,80.8,62.3,block-c-03,codling_moth,1
2026-06-27,80.8,62.3,block-c-03,oriental_fruit_moth,2
2026-06-27,80.8,62.3,block-c-04,codling_moth,0
2026-06-27,80.8,62.3,block-c-04,oriental_fruit_moth,1
2026-06-27,80.8,62.3,block-d-01,codling_moth,0
2026-06-27,80.8,62.3,block-d-01,oriental_fruit_moth,2
2026-06-27,80.8,62.3,block-d-02,codling_moth,0
2026-06-27,80.8,62.3,block-d-02,oriental_fruit_moth,0
2026-06-27,80.8,62.3,block-d-03,codling_moth,0
2026-06-27,80.8,62.3,block-d-03,oriental_fruit_moth,2
2026-06-27,80.8,62.3,block-d-04,codling_moth,0
2026-06-27,80.8,62.3,block-d-04,oriental_fruit_moth,4
2026-06-27,80.8,62.3,block-e-01,codling_moth,0
2026-06-27,80.8,62.3,block-e-01,oriental_fruit_moth,1
2026-06-27,80.8,62.3,block-e-02,codling_moth,1
2026-06-27,80.8,62.3,block-e-02,oriental_fruit_moth,1
2026-06-27,80.8,62.3,block-e-03,codling_moth,0
2026-06-27,80.8,62.3,block-e-03,oriental_fruit_moth,3
2026-06-27,80.8,62.3,block-e-04,codling_moth,0
2026-06-27,80.8,62.3,block-e-04,oriental_fruit_moth,1
2026-06-28,79.9,59.5,block-a-01,codling_moth,0
2026-06-28,79.9,59.5,block-a-01,oriental_fruit_moth,3
2026-06-28,79.9,59.5,block-a-02,codling_moth,0
2026-06-28,79.9,59.5,block-a-02,oriental_fruit_moth,0
2026-06-28,79.9,59.5,block-a-03,codling_moth,2
2026-06-28,79.9,59.5,block-a-03,oriental_fruit_moth,0
2026-06-28,79.9,59.5,block-a-04,codling_moth,1
2026-06-28,79.9,59.5,block-a-04,oriental_fruit_moth,2
2026-06-28,79.9,59.5,block-b-01,codling_moth,1
2026-06-28,79.9,59.5,block-b-01,oriental_fruit_moth,2
2026-06-28,79.9,59.5,block-b-02,codling_moth,0
2026-06-28,79.9,59.5,block-b-02,oriental_fruit_moth,0
2026-06-28,79.9,59.5,block-b-03,codling_moth,1
2026-06-28,79.9,59.5,block-b-03,oriental_fruit_moth,0
2026-06-28,79.9,59.5,block-b-04,codling_moth,0
2026-06-28,79.9,59.5,block-b-04,oriental_fruit_moth,0
2026-06-28,79.9,59.5,block-c-01,codling_moth,0
2026-06-28,79.9,59.5,block-c-01,oriental_fruit_moth,4
2026-06-28,79.9,59.5,block-c-02,codling_moth,0
2026-06-28,79.9,59.5,block-c-02,oriental_fruit_moth,1
2026-06-28,79.9,59.5,block-c-03,codling_moth,0
2026-06-28,79.9,59.5,block-c-03,oriental_fruit_moth,2
2026-06-28,79.9,59.5,block-c-04,codling_moth,0
2026-06-28,79.9,59.5,block-c-04,oriental_fruit_moth,1
2026-06-28,79.9,59.5,block-d-01,codling_moth,1
2026-06-28,79.9,59.5,block-d-01,oriental_fruit_moth,1
2026-06-28,79.9,59.5,block-d-02,codling_moth,0
2026-06-28,79.9,59.5,block-d-02,oriental_fruit_moth,0
2026-06-28,79.9,59.5,block-d-03,codling_moth,1
2026-06-28,79.9,59.5,block-d-03,oriental_fruit_moth,1
2026-06-28,79.9,59.5,block-d-04,codling_moth,0
2026-06-28,79.9,59.5,block-d-04,oriental_fruit_moth,1
2026-06-28,79.9,59.5,block-e-01,codling_moth,0
2026-06-28,79.9,59.5,block-e-01,oriental_fruit_moth,0
2026-06-28,79.9,59.5,block-e-02,codling_moth,1
2026-06-28,79.9,59.5,block-e-02,oriental_fruit_moth,0
2026-06-28,79.9,59.5,block-e-03,codling_moth,0
2026-06-28,79.9,59.5,block-e-03,oriental_fruit_moth,0
2026-06-28,79.9,59.5,block-e-04,codling_moth,0
2026-06-28,79.9,59.5,block-e-04,oriental_fruit_moth,0
2026-06-29,78.4,58.4,block-a-01,codling_moth,1
2026-06-29,78.4,58.4,block-a-01,oriental_fruit_moth,0
2026-06-29,78.4,58.4,block-a-02,codling_moth,0
2026-06-29,78.4,58.4,block-a-02,oriental_fruit_moth,3
2026-06-29,78.4,58.4,block-a-03,codling_moth,1
2026-06-29,78.4,58.4,block-a-03,oriental_fruit_moth,0
2026-06-29,78.4,58.4,block-a-04,codling_moth,0
2026-06-29,78.4,58.4,block-a-04,oriental_fruit_moth,2
2026-06-29,78.4,58.4,block-b-01,codling_moth,1
2026-06-29,78.4,58.4,block-b-01,oriental_fruit_moth,1
2026-06-29,78.4,58.4,block-b-02,codling_moth,1
2026-06-29,78.4,58.4,block-b-02,oriental_fruit_moth,3
2026-06-29,78.4,58.4,block-b-03,codling_moth,1
2026-06-29,78.4,58.4,block-b-03,oriental_fruit_moth,0
2026-06-29,78.4,58.4,block-b-04,codling_moth,0
2026-06-29,78.4,58.4,block-b-04,oriental_fruit_moth,0
2026-06-29,78.4,58.4,block-c-01,codling_moth,0
2026-06-29,78.4,58.4,block-c-01,oriental_fruit_moth,3
2026-06-29,78.4,58.4,block-c-02,codling_moth,1
2026-06-29,78.4,58.4,block-c-02,oriental_fruit_moth,1
2026-06-29,78.4,58.4,block-c-03,codling_moth,3
2026-06-29,78.4,58.4,block-c-03,oriental_fruit_moth,1
2026-06-29,78.4,58.4,block-c-04,codling_moth,1
2026-06-29,78.4,58.4,block-c-04,oriental_fruit_moth,0
2026-06-29,78.4,58.4,block-d-01,codling_moth,0
2026-06-29,78.4,58.4,block-d-01,oriental_fruit_moth,1
2026-06-29,78.4,58.4,block-d-02,codling_moth,0
2026-06-29,78.4,58.4,block-d-02,oriental_fruit_moth,0
2026-06-29,78.4,58.4,block-d-03,codling_moth,2
2026-06-29,78.4,58.4,block-d-03,oriental_fruit_moth,1
2026-06-29,78.4,58.4,block-d-04,codling_moth,0
2026-06-29,78.4,58.4,block-d-04,oriental_fruit_moth,0
2026-06-29,78.4,58.4,block-e-01,codling_moth,2
2026-06-29,78.4,58.4,block-e-01,oriental_fruit_moth,1
2026-06-29,78.4,58.4,block-e-02,codling_moth,0
2026-06-29,78.4,58.4,block-e-02,oriental_fruit_moth,1
2026-06-29,78.4,58.4,block-e-03,codling_moth,2
2026-06-29,78.4,58.4,block-e-03,oriental_fruit_moth,3
2026-06-29,78.4,58.4,block-e-04,codling_moth,0
2026-06-29,78.4,58.4,block-e-04,oriental_fruit_moth,0
2026-06-30,83.0,64.8,block-a-01,codling_moth,0
2026-06-30,83.0,64.8,block-a-01,oriental_fruit_moth,1
2026-06-30,83.0,64.8,block-a-02,codling_moth,0
2026-06-30,83.0,64.8,block-a-02,oriental_fruit_moth,1
2026-06-30,83.0,64.8,block-a-03,codling_moth,0
2026-06-30,83.0,64.8,block-a-03,oriental_fruit_moth,0
2026-06-30,83.0,64.8,block-a-04,codling_moth,0
2026-06-30,83.0,64.8,block-a-04,oriental_fruit_moth,0
2026-06-30,83.0,64.8,block-b-01,codling_moth,0
2026-06-30,83.0,64.8,block-b-01,oriental_fruit_moth,0
2026-06-30,83.0,64.8,block-b-02,codling_moth,1
2026-06-30,83.0,64.8,block-b-02,oriental_fruit_moth,2
2026-06-30,83.0,64.8,block-b-03,codling_moth,1
2026-06-30,83.0,64.8,block-b-03,oriental_fruit_moth,1
2026-06-30,83.0,64.8,block-b-04,codling_moth,0
2026-06-30,83.0,64.8,block-b-04,oriental_fruit_moth,0
2026-06-30,83.0,64.8,block-c-01,codling_moth,0
2026-06-30,83.0,64.8,block-c-01,oriental_fruit_moth,0
2026-06-30,83.0,64.8,block-c-02,codling_moth,0
2026-06-30,83.0,64.8,block-c-02,oriental_fruit_moth,0
2026-06-30,83.0,64.8,block-c-03,codling_moth,0
2026-06-30,83.0,64.8,block-c-03,oriental_fruit_moth,1
2026-06-30,83.0,64.8,block-c-04,codling_moth,0
2026-06-30,83.0,64.8,block-c-04,oriental_fruit_moth,1
2026-06-30,83.0,64.8,block-d-01,codling_moth,0
2026-06-30,83.0,64.8,block-d-01,oriental_fruit_moth,2
2026-06-30,83.0,64.8,block-d-02,codling_moth,2
2026-06-30,83.0,64.8,block-d-02,oriental_fruit_moth,0
2026-06-30,83.0,64.8,block-d-03,codling_moth,3
2026-06-30,83.0,64.8,block-d-03,oriental_fruit_moth,1
2026-06-30,83.0,64.8,block-d-04,codling_moth,0
2026-06-30,83.0,64.8,block-d-04,oriental_fruit_moth,0
2026-06-30,83.0,64.8,block-e-01,codling_moth,2
2026-06-30,83.0,64.8,block-e-01,oriental_fruit_moth,2
2026-06-30,83.0,64.8,block-e-02,codling_moth,0
2026-06-30,83.0,64.8,block-e-02,oriental_fruit_moth,1
2026-06-30,83.0,64.8,block-e-03,codling_moth,0
2026-06-30,83.0,64.8,block-e-03,oriental_fruit_moth,0
2026-06-30,83.0,64.8,block-e-04,codling_moth,0
2026-06-30,83.0,64.8,block-e-04,oriental_fruit_moth,1
2026-07-01,84.2,62.3,block-a-01,codling_moth,0
2026-07-01,84.2,62.3,block-a-01,oriental_fruit_moth,1
2026-07-01,84.2,62.3,block-a-02,codling_moth,0
2026-07-01,84.2,62.3,block-a-02,oriental_fruit_moth,0
2026-07-01,84.2,62.3,block-a-03,codling_moth,0
2026-07-01,84.2,62.3,block-a-03,oriental_fruit_moth,2
2026-07-01,84.2,62.3,block-a-04,codling_moth,0
2026-07-01,84.2,62.3,block-a-04,oriental_fruit_moth,3
2026-07-01,84.2,62.3,block-b-01,codling_moth,0
2026-07-01,84.2,62.3,block-b-01,oriental_fruit_moth,2
2026-07-01,84.2,62.3,block-b-02,codling_moth,1
2026-07-01,84.2,62.3,block-b-02,oriental_fruit_moth,0
2026-07-01,84.2,62.3,block-b-03,codling_moth,1
2026-07-01,84.2,62.3,block-b-03,oriental_fruit_moth,0
2026-07-01,84.2,62.3,block-b-04,codling_moth,0
2026-07-01,84.2,62.3,block-b-04,oriental_fruit_moth,0
2026-07-01,84.2,62.3,block-c-01,codling_moth,0
2026-07-01,84.2,62.3,block-c-01,oriental_fruit_moth,1
2026-07-01,84.2,62.3,block-c-02,codling_moth,0
2026-07-01,84.2,62.3,block-c-02,oriental_fruit_moth,1
2026-07-01,84.2,62.3,block-c-03,codling_moth,0
2026-07-01,84.2,62.3,block-c-03,oriental_fruit_moth,0
2026-07-01,84.2,62.3,block-c-04,codling_moth,1
2026-07-01,84.2,62.3,block-c-04,oriental_fruit_moth,1
2026-07-01,84.2,62.3,block-d-01,codling_moth,0
2026-07-01,84.2,62.3,block-d-01,oriental_fruit_moth,1
2026-07-01,84.2,62.3,block-d-02,codling_moth,0
2026-07-01,84.2,62.3,block-d-02,oriental_fruit_moth,0
2026-07-01,84.2,62.3,block-d-03,codling_moth,1
2026-07-01,84.2,62.3,block-d-03,oriental_fruit_moth,2
2026-07-01,84.2,62.3,block-d-04,codling_moth,1
2026-07-01,84.2,62.3,block-d-04,oriental_fruit_moth,2
2026-07-01,84.2,62.3,block-e-01,codling_moth,0
2026-07-01,84.2,62.3,block-e-01,oriental_fruit_moth,1
2026-07-01,84.2,62.3,block-e-02,codling_moth,0
2026-07-01,84.2,62.3,block-e-02,oriental_fruit_moth,0
2026-07-01,84.2,62.3,block-e-03,codling_moth,0
2026-07-01,84.2,62.3,block-e-03,oriental_fruit_moth,0
2026-07-01,84.2,62.3,block-e-04,codling_moth,0
2026-07-01,84.2,62.3,block-e-04,oriental_fruit_moth,0
2026-07-02,82.4,65.0,block-a-01,codling_moth,0
2026-07-02,82.4,65.0,block-a-01,oriental_fruit_moth,0
2026-07-02,82.4,65.0,block-a-02,codling_moth,0
2026-07-02,82.4,65.0,block-a-02,oriental_fruit_moth,0
2026-07-02,82.4,65.0,block-a-03,codling_moth,0
2026-07-02,82.4,65.0,block-a-03,oriental_fruit_moth,2
2026-07-02,82.4,65.0,block-a-04,codling_moth,2
2026-07-02,82.4,65.0,block-a-04,oriental_fruit_moth,0
2026-07-02,82.4,65.0,block-b-01,codling_moth,0
2026-07-02,82.4,65.0,block-b-01,oriental_fruit_moth,0
2026-07-02,82.4,65.0,block-b-02,codling_moth,2
2026-07-02,82.4,65.0,block-b-02,oriental_fruit_moth,0
2026-07-02,82.4,65.0,block-b-03,codling_moth,0
2026-07-02,82.4,65.0,block-b-03,oriental_fruit_moth,0
2026-07-02,82.4,65.0,block-b-04,codling_moth,1
2026-07-02,82.4,65.0,block-b-04,oriental_fruit_moth,0
2026-07-02,82.4,65.0,block-c-01,codling_moth,0
2026-07-02,82.4,65.0,block-c-01,oriental_fruit_moth,0
2026-07-02,82.4,65.0,block-c-02,codling_moth,1
2026-07-02,82.4,65.0,block-c-02,oriental_fruit_moth,0
2026-07-02,82.4,65.0,block-c-03,codling_moth,0
2026-07-02,82.4,65.0,block-c-03,oriental_fruit_moth,0
2026-07-02,82.4,65.0,block-c-04,codling_moth,0
2026-07-02,82.4,65.0,block-c-04,oriental_fruit_moth,2
2026-07-02,82.4,65.0,block-d-01,codling_moth,2
2026-07-02,82.4,65.0,block-d-01,oriental_fruit_moth,0
2026-07-02,82.4,65.0,block-d-02,codling_moth,1
2026-07-02,82.4,65.0,block-d-02,oriental_fruit_moth,1
2026-07-02,82.4,65.0,block-d-03,codling_moth,0
2026-07-02,82.4,65.0,block-d-03,oriental_fruit_moth,3
2026-07-02,82.4,65.0,block-d-04,codling_moth,0
2026-07-02,82.4,65.0,block-d-04,oriental_fruit_moth,1
2026-07-02,82.4,65.0,block-e-01,codling_moth,0
2026-07-02,82.4,65.0,block-e-01,oriental_fruit_moth,1
2026-07-02,82.4,65.0,block-e-02,codling_moth,0
2026-07-02,82.4,65.0,block-e-02,oriental_fruit_moth,1
2026-07-02,82.4,65.0,block-e-03,codling_moth,0
2026-07-02,82.4,65.0,block-e-03,oriental_fruit_moth,0
2026-07-02,82.4,65.0,block-e-04,codling_moth,1
2026-07-02,82.4,65.0,block-e-04,oriental_fruit_moth,1
2026-07-03,80.6,62.7,block-a-01,codling_moth,1
2026-07-03,80.6,62.7,block-a-01,oriental_fruit_moth,0
2026-07-03,80.6,62.7,block-a-02,codling_moth,1
2026-07-03,80.6,62.7,block-a-02,oriental_fruit_moth,3
2026-07-03,80.6,62.7,block-a-03,codling_moth,0
2026-07-03,80.6,62.7,block-a-03,oriental_fruit_moth,0
2026-07-03,80.6,62.7,block-a-04,codling_moth,0
2026-07-03,80.6,62.7,block-a-04,oriental_fruit_moth,1
2026-07-03,80.6,62.7,block-b-01,codling_moth,1
2026-07-03,80.6,62.7,block-b-01,oriental_fruit_moth,1
2026-07-03,80.6,62.7,block-b-02,codling_moth,1
2026-07-03,80.6,62.7,block-b-02,oriental_fruit_moth,4
2026-07-03,80.6,62.7,block-b-03,codling_moth,2
2026-07-03,80.6,62.7,block-b-03,oriental_fruit_moth,1
2026-07-03,80.6,62.7,block-b-04,codling_moth,0
2026-07-03,80.6,62.7,block-b-04,oriental_fruit_moth,0
2026-07-03,80.6,62.7,block-c-01,codling_moth,0
2026-07-03,80.6,62.7,block-c-01,oriental_fruit_moth,1
2026-07-03,80.6,62.7,block-c-02,codling_moth,0
2026-07-03,80.6,62.7,block-c-02,oriental_fruit_moth,2
2026-07-03,80.6,62.7,block-c-03,codling_moth,0
2026-07-03,80.6,62.7,block-c-03,oriental_fruit_moth,0
2026-07-03,80.6,62.7,block-c-04,codling_moth,0
2026-07-03,80.6,62.7,block-c-04,oriental_fruit_moth,2
2026-07-03,80.6,62.7,block-d-01,codling_moth,0
2026-07-03,80.6,62.7,block-d-01,oriental_fruit_moth,1
2026-07-03,80.6,62.7,block-d-02,codling_moth,0
2026-07-03,80.6,62.7,block-d-02,oriental_fruit_moth,0
2026-07-03,80.6,62.7,block-d-03,codling_moth,0
2026-07-03,80.6,62.7,block-d-03,oriental_fruit_moth,0
2026-07-03,80.6,62.7,block-d-04,codling_moth,0
2026-07-03,80.6,62.7,block-d-04,oriental_fruit_moth,0
2026-07-03,80.6,62.7,block-e-01,codling_moth,1
2026-07-03,80.6,62.7,block-e-01,oriental_fruit_moth,1
2026-07-03,80.6,62.7,block-e-02,codling_moth,0
2026-07-03,80.6,62.7,block-e-02,oriental_fruit_moth,0
2026-07-03,80.6,62.7,block-e-03,codling_moth,3
2026-07-03,80.6,62.7,block-e-03,oriental_fruit_moth,2
2026-07-03,80.6,62.7,block-e-04,codling_moth,1
2026-07-03,80.6,62.7,block-e-04,oriental_fruit_moth,0
2026-07-04,82.7,65.1,block-a-01,codling_moth,0
2026-07-04,82.7,65.1,block-a-01,oriental_fruit_moth,1
2026-07-04,82.7,65.1,block-a-02,codling_moth,0
2026-07-04,82.7,65.1,block-a-02,oriental_fruit_moth,0
2026-07-04,82.7,65.1,block-a-03,codling_moth,0
2026-07-04,82.7,65.1,block-a-03,oriental_fruit_moth,0
2026-07-04,82.7,65.1,block-a-04,codling_moth,1
2026-07-04,82.7,65.1,block-a-04,oriental_fruit_moth,0
2026-07-04,82.7,65.1,block-b-01,codling_moth,2
2026-07-04,82.7,65.1,block-b-01,oriental_fruit_moth,0
2026-07-04,82.7,65.1,block-b-02,codling_moth,0
2026-07-04,82.7,65.1,block-b-02,oriental_fruit_moth,0
2026-07-04,82.7,65.1,block-b-03,codling_moth,0
2026-07-04,82.7,65.1,block-b-03,oriental_fruit_moth,0
2026-07-04,82.7,65.1,block-b-04,codling_moth,0
2026-07-04,82.7,65.1,block-b-04,oriental_fruit_moth,0
2026-07-04,82.7,65.1,block-c-01,codling_moth,0
2026-07-04,82.7,65.1,block-c-01,oriental_fruit_moth,0
2026-07-04,82.7,65.1,block-c-02,codling_moth,1
2026-07-04,82.7,65.1,block-c-02,oriental_fruit_moth,0
2026-07-04,82.7,65.1,block-c-03,codling_moth,0
2026-07-04,82.7,65.1,block-c-03,oriental_fruit_moth,0
2026-07-04,82.7,65.1,block-c-04,codling_moth,0
2026-07-04,82.7,65.1,block-c-04,oriental_fruit_moth,1
2026-07-04,82.7,65.1,block-d-01,codling_moth,1
2026-07-04,82.7,65.1,block-d-01,oriental_fruit_moth,0
2026-07-04,82.7,65.1,block-d-02,codling_moth,0
2026-07-04,82.7,65.1,block-d-02,oriental_fruit_moth,0
2026-07-04,82.7,65.1,block-d-03,codling_moth,0
2026-07-04,82.7,65.1,block-d-03,oriental_fruit_moth,2
2026-07-04,82.7,65.1,block-d-04,codling_moth,0
2026-07-04,82.7,65.1,block-d-04,oriental_fruit_moth,1
2026-07-04,82.7,65.1,block-e-01,codling_moth,0
2026-07-04,82.7,65.1,block-e-01,oriental_fruit_moth,6
2026-07-04,82.7,65.1,block-e-02,codling_moth,1
2026-07-04,82.7,65.1,block-e-02,oriental_fruit_moth,1
2026-07-04,82.7,65.1,block-e-03,codling_moth,0
2026-07-04,82.7,65.1,block-e-03,oriental_fruit_moth,0
2026-07-04,82.7,65.1,block-e-04,codling_moth,1
2026-07-04,82.7,65.1,block-e-04,oriental_fruit_moth,0
2026-07-05,84.4,67.4,block-a-01,codling_moth,0
2026-07-05,84.4,67.4,block-a-01,oriental_fruit_moth,0
2026-07-05,84.4,67.4,block-a-02,codling_moth,0
2026-07-05,84.4,67.4,block-a-02,oriental_fruit_moth,1
2026-07-05,84.4,67.4,block-a-03,codling_moth,0
2026-07-05,84.4,67.4,block-a-03,oriental_fruit_moth,0
2026-07-05,84.4,67.4,block-a-04,codling_moth,0
2026-07-05,84.4,67.4,block-a-04,oriental_fruit_moth,0
2026-07-05,84.4,67.4,block-b-01,codling_moth,0
2026-07-05,84.4,67.4,block-b-01,oriental_fruit_moth,2
2026-07-05,84.4,67.4,block-b-02,codling_moth,0
2026-07-05,84.4,67.4,block-b-02,oriental_fruit_moth,0
2026-07-05,84.4,67.4,block-b-03,codling_moth,0
2026-07-05,84.4,67.4,block-b-03,oriental_fruit_moth,1
2026-07-05,84.4,67.4,block-b-04,codling_moth,0
2026-07-05,84.4,67.4,block-b-04,oriental_fruit_moth,0
2026-07-05,84.4,67.4,block-c-01,codling_moth,0
2026-07-05,84.4,67.4,block-c-01,oriental_fruit_moth,1
2026-07-05,84.4,67.4,block-c-02,codling_moth,1
2026-07-05,84.4,67.4,block-c-02,oriental_fruit_moth,2
2026-07-05,84.4,67.4,block-c-03,codling_moth,0
2026-07-05,84.4,67.4,block-c-03,oriental_fruit_moth,3
2026-07-05,84.4,67.4,block-c-04,codling_moth,0
2026-07-05,84.4,67.4,block-c-04,oriental_fruit_moth,2
2026-07-05,84.4,67.4,block-d-01,codling_moth,0
2026-07-05,84.4,67.4,block-d-01,oriental_fruit_moth,0
2026-07-05,84.4,67.4,block-d-02,codling_moth,0
2026-07-05,84.4,67.4,block-d-02,oriental_fruit_moth,1
2026-07-05,84.4,67.4,block-d-03,codling_moth,0
2026-07-05,84.4,67.4,block-d-03,oriental_fruit_moth,2
2026-07-05,84.4,67.4,block-d-04,codling_moth,0
2026-07-05,84.4,67.4,block-d-04,oriental_fruit_moth,1
2026-07-05,84.4,67.4,block-e-01,codling_moth,1
2026-07-05,84.4,67.4,block-e-01,oriental_fruit_moth,1
2026-07-05,84.4,67.4,block-e-02,codling_moth,0
2026-07-05,84.4,67.4,block-e-02,oriental_fruit_moth,0
2026-07-05,84.4,67.4,block-e-03,codling_moth,0
2026-07-05,84.4,67.4,block-e-03,oriental_fruit_moth,0
2026-07-05,84.4,67.4,block-e-04,codling_moth,0
2026-07-05,84.4,67.4,block-e-04,oriental_fruit_moth,0
2026-07-06,87.0,68.4,block-a-01,codling_moth,0
2026-07-06,87.0,68.4,block-a-01,oriental_fruit_moth,0
2026-07-06,87.0,68.4,block-a-02,codling_moth,0
2026-07-06,87.0,68.4,block-a-02,oriental_fruit_moth,1
2026-07-06,87.0,68.4,block-a-03,codling_moth,0
2026-07-06,87.0,68.4,block-a-03,oriental_fruit_moth,3
2026-07-06,87.0,68.4,block-a-04,codling_moth,0
2026-07-06,87.0,68.4,block-a-04,oriental_fruit_moth,1
2026-07-06,87.0,68.4,block-b-01,codling_moth,1
2026-07-06,87.0,68.4,block-b-01,oriental_fruit_moth,0
2026-07-06,87.0,68.4,block-b-02,codling_moth,0
2026-07-06,87.0,68.4,block-b-02,oriental_fruit_moth,2
2026-07-06,87.0,68.4,block-b-03,codling_moth,0
2026-07-06,87.0,68.4,block-b-03,oriental_fruit_moth,3
2026-07-06,87.0,68.4,block-b-04,codling_moth,0
2026-07-06,87.0,68.4,block-b-04,oriental_fruit_moth,1
2026-07-06,87.0,68.4,block-c-01,codling_moth,0
2026-07-06,87.0,68.4,block-c-01,oriental_fruit_moth,0
2026-07-06,87.0,68.4,block-c-02,codling_moth,1
2026-07-06,87.0,68.4,block-c-02,oriental_fruit_moth,2
2026-07-06,87.0,68.4,block-c-03,codling_moth,0
2026-07-06,87.0,68.4,block-c-03,oriental_fruit_moth,0
2026-07-06,87.0,68.4,block-c-04,codling_moth,1
2026-07-06,87.0,68.4,block-c-04,oriental_fruit_moth,1
2026-07-06,87.0,68.4,block-d-01,codling_moth,2
2026-07-06,87.0,68.4,block-d-01,oriental_fruit_moth,1
2026-07-06,87.0,68.4,block-d-02,codling_moth,0
2026-07-06,87.0,68.4,block-d-02,oriental_fruit_moth,0
2026-07-06,87.0,68.4,block-d-03,codling_moth,1
2026-07-06,87.0,68.4,block-d-03,oriental_fruit_moth,1
2026-07-06,87.0,68.4,block-d-04,codling_moth,0
2026-07-06,87.0,68.4,block-d-04,oriental_fruit_moth,1
2026-07-06,87.0,68.4,block-e-01,codling_moth,2
2026-07-06,87.0,68.4,block-e-01,oriental_fruit_moth,0
2026-07-06,87.0,68.4,block-e-02,codling_moth,0
2026-07-06,87.0,68.4,block-e-02,oriental_fruit_moth,1
2026-07-06,87.0,68.4,block-e-03,codling_moth,0
2026-07-06,87.0,68.4,block-e-03,oriental_fruit_moth,0
2026-07-06,87.0,68.4,block-e-04,codling_moth,0
2026-07-06,87.0,68.4,block-e-04,oriental_fruit_moth,0
2026-07-07,86.7,69.5,block-a-01,codling_moth,0
2026-07-07,86.7,69.5,block-a-01,oriental_fruit_moth,0
2026-07-07,86.7,69.5,block-a-02,codling_moth,0
2026-07-07,86.7,69.5,block-a-02,oriental_fruit_moth,0
2026-07-07,86.7,69.5,block-a-03,codling_moth,0
2026-07-07,86.7,69.5,block-a-03,oriental_fruit_moth,0
2026-07-07,86.7,69.5,block-a-04,codling_moth,0
2026-07-07,86.7,69.5,block-a-04,oriental_fruit_moth,1
2026-07-07,86.7,69.5,block-b-01,codling_moth,0
2026-07-07,86.7,69.5,block-b-01,oriental_fruit_moth,0
2026-07-07,86.7,69.5,block-b-02,codling_moth,0
2026-07-07,86.7,69.5,block-b-02,oriental_fruit_moth,1
2026-07-07,86.7,69.5,block-b-03,codling_moth,0
2026-07-07,86.7,69.5,block-b-03,oriental_fruit_moth,2
2026-07-07,86.7,69.5,block-b-04,codling_moth,1
2026-07-07,86.7,69.5,block-b-04,oriental_fruit_moth,0
2026-07-07,86.7,69.5,block-c-01,codling_moth,0
2026-07-07,86.7,69.5,block-c-01,oriental_fruit_moth,0
2026-07-07,86.7,69.5,block-c-02,codling_moth,0
2026-07-07,86.7,69.5,block-c-02,oriental_fruit_moth,0
2026-07-07,86.7,69.5,block-c-03,codling_moth,0
2026-07-07,86.7,69.5,block-c-03,oriental_fruit_moth,0
2026-07-07,86.7,69.5,block-c-04,codling_moth,0
2026-07-07,86.7,69.5,block-c-04,oriental_fruit_moth,0
2026-07-07,86.7,69.5,block-d-01,codling_moth,0
2026-07-07,86.7,69.5,block-d-01,oriental_fruit_moth,0
2026-07-07,86.7,69.5,block-d-02,codling_moth,0
2026-07-07,86.7,69.5,block-d-02,oriental_fruit_moth,0
2026-07-07,86.7,69.5,block-d-03,codling_moth,1
2026-07-07,86.7,69.5,block-d-03,oriental_fruit_moth,0
2026-07-07,86.7,69.5,block-d-04,codling_moth,1
2026-07-07,86.7,69.5,block-d-04,oriental_fruit_moth,0
2026-07-07,86.7,69.5,block-e-01,codling_moth,1
2026-07-07,86.7,69.5,block-e-01,oriental_fruit_moth,0
2026-07-07,86.7,69.5,block-e-02,codling_moth,0
2026-07-07,86.7,69.5,block-e-02,oriental_fruit_moth,1
2026-07-07,86.7,69.5,block-e-03,codling_moth,0
2026-07-07,86.7,69.5,block-e-03,oriental_fruit_moth,0
2026-07-07,86.7,69.5,block-e-04,codling_moth,0
2026-07-07,86.7,69.5,block-e-04,oriental_fruit_moth,0
2026-07-08,83.8,66.5,block-a-01,codling_moth,0
2026-07-08,83.8,66.5,block-a-01,oriental_fruit_moth,0
2026-07-08,83.8,66.5,block-a-02,codling_moth,0
2026-07-08,83.8,66.5,block-a-02,oriental_fruit_moth,2
2026-07-08,83.8,66.5,block-a-03,codling_moth,0
2026-07-08,83.8,66.5,block-a-03,oriental_fruit_moth,0
2026-07-08,83.8,66.5,block-a-04,codling_moth,0
2026-07-08,83.8,66.5,block-a-04,oriental_fruit_moth,0
2026-07-08,83.8,66.5,block-b-01,codling_moth,0
2026-07-08,83.8,66.5,block-b-01,oriental_fruit_moth,0
2026-07-08,83.8,66.5,block-b-02,codling_moth,0
2026-07-08,83.8,66.5,block-b-02,oriental_fruit_moth,1
2026-07-08,83.8,66.5,block-b-03,codling_moth,2
2026-07-08,83.8,66.5,block-b-03,oriental_fruit_moth,0
2026-07-08,83.8,66.5,block-b-04,codling_moth,0
2026-07-08,83.8,66.5,block-b-04,oriental_fruit_moth,0
2026-07-08,83.8,66.5,block-c-01,codling_moth,1
2026-07-08,83.8,66.5,block-c-01,oriental_fruit_moth,2
2026-07-08,83.8,66.5,block-c-02,codling_moth,1
2026-07-08,83.8,66.5,block-c-02,oriental_fruit_moth,0
2026-07-08,83.8,66.5,block-c-03,codling_moth,0
2026-07-08,83.8,66.5,block-c-03,oriental_fruit_moth,0
2026-07-08,83.8,66.5,block-c-04,codling_moth,0
2026-07-08,83.8,66.5,block-c-04,oriental_fruit_moth,1
2026-07-08,83.8,66.5,block-d-01,codling_moth,0
2026-07-08,83.8,66.5,block-d-01,oriental_fruit_moth,0
2026-07-08,83.8,66.5,block-d-02,codling_moth,0
2026-07-08,83.8,66.5,block-d-02,oriental_fruit_moth,2
2026-07-08,83.8,66.5,block-d-03,codling_moth,0
2026-07-08,83.8,66.5,block-d-03,oriental_fruit_moth,0
2026-07-08,83.8,66.5,block-d-04,codling_moth,0
2026-07-08,83.8,66.5,block-d-04,oriental_fruit_moth,0
2026-07-08,83.8,66.5,block-e-01,codling_moth,0
2026-07-08,83.8,66.5,block-e-01,oriental_fruit_moth,2
2026-07-08,83.8,66.5,block-e-02,codling_moth,0
2026-07-08,83.8,66.5,block-e-02,oriental_fruit_moth,0
2026-07-08,83.8,66.5,block-e-03,codling_moth,0
2026-07-08,83.8,66.5,block-e-03,oriental_fruit_moth,0
2026-07-08,83.8,66.5,block-e-04,codling_moth,1
2026-07-08,83.8,66.5,block-e-04,oriental_fruit_moth,0
2026-07-09,85.9,65.3,block-a-01,codling_moth,0
2026-07-09,85.9,65.3,block-a-01,oriental_fruit_moth,0
2026-07-09,85.9,65.3,block-a-02,codling_moth,0
2026-07-09,85.9,65.3,block-a-02,oriental_fruit_moth,0
2026-07-09,85.9,65.3,block-a-03,codling_moth,1
2026-07-09,85.9,65.3,block-a-03,oriental_fruit_moth,2
2026-07-09,85.9,65.3,block-a-04,codling_moth,1
2026-07-09,85.9,65.3,block-a-04,oriental_fruit_moth,0
2026-07-09,85.9,65.3,block-b-01,codling_moth,0
2026-07-09,85.9,65.3,block-b-01,oriental_fruit_moth,1
2026-07-09,85.9,65.3,block-b-02,codling_moth,0
2026-07-09,85.9,65.3,block-b-02,oriental_fruit_moth,1
2026-07-09,85.9,65.3,block-b-03,codling_moth,1
2026-07-09,85.9,65.3,block-b-03,oriental_fruit_moth,3
2026-07-09,85.9,65.3,block-b-04,codling_moth,0
2026-07-09,85.9,65.3,block-b-04,oriental_fruit_moth,0
2026-07-09,85.9,65.3,block-c-01,codling_moth,0
2026-07-09,85.9,65.3,block-c-01,oriental_fruit_moth,0
2026-07-09,85.9,65.3,block-c-02,codling_moth,0
2026-07-09,85.9,65.3,block-c-02,oriental_fruit_moth,0
2026-07-09,85.9,65.3,block-c-03,codling_moth,0
2026-07-09,85.9,65.3,block-c-03,oriental_fruit_moth,0
2026-07-09,85.9,65.3,block-c-04,codling_moth,0
2026-07-09,85.9,65.3,block-c-04,oriental_fruit_moth,1
2026-07-09,85.9,65.3,block-d-01,codling_moth,0
2026-07-09,85.9,65.3,block-d-01,oriental_fruit_moth,0
2026-07-09,85.9,65.3,block-d-02,codling_moth,0
2026-07-09,85.9,65.3,block-d-02,oriental_fruit_moth,0
2026-07-09,85.9,65.3,block-d-03,codling_moth,1
2026-07-09,85.9,65.3,block-d-03,oriental_fruit_moth,0
2026-07-09,85.9,65.3,block-d-04,codling_moth,1
2026-07-09,85.9,65.3,block-d-04,oriental_fruit_moth,0
2026-07-09,85.9,65.3,block-e-01,codling_moth,1
2026-07-09,85.9,65.3,block-e-01,oriental_fruit_moth,1
2026-07-09,85.9,65.3,block-e-02,codling_moth,1
2026-07-09,85.9,65.3,block-e-02,oriental_fruit_moth,1
2026-07-09,85.9,65.3,block-e-03,codling_moth,0
2026-07-09,85.9,65.3,block-e-03,oriental_fruit_moth,2
2026-07-09,85.9,65.3,block-e-04,codling_moth,0
2026-07-09,85.9,65.3,block-e-04,oriental_fruit_moth,0
2026-07-10,90.1,70.1,block-a-01,codling_moth,0
2026-07-10,90.1,70.1,block-a-01,oriental_fruit_moth,1
2026-07-10,90.1,70.1,block-a-02,codling_moth,0
2026-07-10,90.1,70.1,block-a-02,oriental_fruit_moth,0
2026-07-10,90.1,70.1,block-a-03,codling_moth,0
2026-07-10,90.1,70.1,block-a-03,oriental_fruit_moth,0
2026-07-10,90.1,70.1,block-a-04,codling_moth,1
2026-07-10,90.1,70.1,block-a-04,oriental_fruit_moth,1
2026-07-10,90.1,70.1,block-b-01,codling_moth,2
2026-07-10,90.1,70.1,block-b-01,oriental_fruit_moth,0
2026-07-10,90.1,70.1,block-b-02,codling_moth,0
2026-07-10,90.1,70.1,block-b-02,oriental_fruit_moth,2
2026-07-10,90.1,70.1,block-b-03,codling_moth,0
2026-07-10,90.1,70.1,block-b-03,oriental_fruit_moth,0
2026-07-10,90.1,70.1,block-b-04,codling_moth,0
2026-07-10,90.1,70.1,block-b-04,oriental_fruit_moth,0
2026-07-10,90.1,70.1,block-c-01,codling_moth,1
2026-07-10,90.1,70.1,block-c-01,oriental_fruit_moth,0
2026-07-10,90.1,70.1,block-c-02,codling_moth,0
2026-07-10,90.1,70.1,block-c-02,oriental_fruit_moth,0
2026-07-10,90.1,70.1,block-c-03,codling_moth,0
2026-07-10,90.1,70.1,block-c-03,oriental_fruit_moth,1
2026-07-10,90.1,70.1,block-c-04,codling_moth,0
2026-07-10,90.1,70.1,block-c-04,oriental_fruit_moth,0
2026-07-10,90.1,70.1,block-d-01,codling_moth,0
2026-07-10,90.1,70.1,block-d-01,oriental_fruit_moth,1
2026-07-10,90.1,70.1,block-d-02,codling_moth,0
2026-07-10,90.1,70.1,block-d-02,oriental_fruit_moth,1
2026-07-10,90.1,70.1,block-d-03,codling_moth,1
2026-07-10,90.1,70.1,block-d-03,oriental_fruit_moth,0
2026-07-10,90.1,70.1,block-d-04,codling_moth,0
2026-07-10,90.1,70.1,block-d-04,oriental_fruit_moth,2
2026-07-10,90.1,70.1,block-e-01,codling_moth,0
2026-07-10,90.1,70.1,block-e-01,oriental_fruit_moth,0
2026-07-10,90.1,70.1,block-e-02,codling_moth,1
2026-07-10,90.1,70.1,block-e-02,oriental_fruit_moth,0
2026-07-10,90.1,70.1,block-e-03,codling_moth,0
2026-07-10,90.1,70.1,block-e-03,oriental_fruit_moth,0
2026-07-10,90.1,70.1,block-e-04,codling_moth,0
2026-07-10,90.1,70.1,block-e-04,oriental_fruit_moth,0
2026-07-11,86.7,64.9,block-a-01,codling_moth,0
2026-07-11,86.7,64.9,block-a-01,oriental_fruit_moth,0
2026-07-11,86.7,64.9,block-a-02,codling_moth,0
2026-07-11,86.7,64.9,block-a-02,oriental_fruit_moth,0
2026-07-11,86.7,64.9,block-a-03,codling_moth,0
2026-07-11,86.7,64.9,block-a-03,oriental_fruit_moth,0
2026-07-11,86.7,64.9,block-a-04,codling_moth,0
2026-07-11,86.7,64.9,block-a-04,oriental_fruit_moth,1
2026-07-11,86.7,64.9,block-b-01,codling_moth,0
2026-07-11,86.7,64.9,block-b-01,oriental_fruit_moth,0
2026-07-11,86.7,64.9,block-b-02,codling_moth,0
2026-07-11,86.7,64.9,block-b-02,oriental_fruit_moth,1
2026-07-11,86.7,64.9,block-b-03,codling_moth,1
2026-07-11,86.7,64.9,block-b-03,oriental_fruit_moth,1
2026-07-11,86.7,64.9,block-b-04,codling_moth,1
2026-07-11,86.7,64.9,block-b-04,oriental_fruit_moth,0
2026-07-11,86.7,64.9,block-c-01,codling_moth,1
2026-07-11,86.7,64.9,block-c-01,oriental_fruit_moth,0
2026-07-11,86.7,64.9,block-c-02,codling_moth,0
2026-07-11,86.7,64.9,block-c-02,oriental_fruit_moth,0
2026-07-11,86.7,64.9,block-c-03,codling_moth,0
2026-07-11,86.7,64.9,block-c-03,oriental_fruit_moth,1
2026-07-11,86.7,64.9,block-c-04,codling_moth,1
2026-07-11,86.7,64.9,block-c-04,oriental_fruit_moth,1
2026-07-11,86.7,64.9,block-d-01,codling_moth,0
2026-07-11,86.7,64.9,block-d-01,oriental_fruit_moth,0
2026-07-11,86.7,64.9,block-d-02,codling_moth,0
2026-07-11,86.7,64.9,block-d-02,oriental_fruit_moth,0
2026-07-11,86.7,64.9,block-d-03,codling_moth,1
2026-07-11,86.7,64.9,block-d-03,oriental_fruit_moth,1
2026-07-11,86.7,64.9,block-d-04,codling_moth,0
2026-07-11,86.7,64.9,block-d-04,oriental_fruit_moth,1
2026-07-11,86.7,64.9,block-e-01,codling_moth,0
2026-07-11,86.7,64.9,block-e-01,oriental_fruit_moth,0
2026-07-11,86.7,64.9,block-e-02,codling_moth,1
2026-07-11,86.7,64.9,block-e-02,oriental_fruit_moth,0
2026-07-11,86.7,64.9,block-e-03,codling_moth,0
2026-07-11,86.7,64.9,block-e-03,oriental_fruit_moth,1
2026-07-11,86.7,64.9,block-e-04,codling_moth,0
2026-07-11,86.7,64.9,block-e-04,oriental_fruit_moth,2
2026-07-12,85.0,63.2,block-a-01,codling_moth,0
2026-07-12,85.0,63.2,block-a-01,oriental_fruit_moth,0
2026-07-12,85.0,63.2,block-a-02,codling_moth,0
2026-07-12,85.0,63.2,block-a-02,oriental_fruit_moth,0
2026-07-12,85.0,63.2,block-a-03,codling_moth,0
2026-07-12,85.0,63.2,block-a-03,oriental_fruit_moth,0
2026-07-12,85.0,63.2,block-a-04,codling_moth,0
2026-07-12,85.0,63.2,block-a-04,oriental_fruit_moth,0
2026-07-12,85.0,63.2,block-b-01,codling_moth,0
2026-07-12,85.0,63.2,block-b-01,oriental_fruit_moth,0
2026-07-12,85.0,63.2,block-b-02,codling_moth,0
2026-07-12,85.0,63.2,block-b-02,oriental_fruit_moth,0
2026-07-12,85.0,63.2,block-b-03,codling_moth,0
2026-07-12,85.0,63.2,block-b-03,oriental_fruit_moth,0
2026-07-12,85.0,63.2,block-b-04,codling_moth,0
2026-07-12,85.0,63.2,block-b-04,oriental_fruit_moth,0
2026-07-12,85.0,63.2,block-c-01,codling_moth,0
2026-07-12,85.0,63.2,block-c-01,oriental_fruit_moth,1
2026-07-12,85.0,63.2,block-c-02,codling_moth,0
2026-07-12,85.0,63.2,block-c-02,oriental_fruit_moth,0
2026-07-12,85.0,63.2,block-c-03,codling_moth,0
2026-07-12,85.0,63.2,block-c-03,oriental_fruit_moth,0
2026-07-12,85.0,63.2,block-c-04,codling_moth,0
2026-07-12,85.0,63.2,block-c-04,oriental_fruit_moth,0
2026-07-12,85.0,63.2,block-d-01,codling_moth,0
2026-07-12,85.0,63.2,block-d-01,oriental_fruit_moth,0
2026-07-12,85.0,63.2,block-d-02,codling_moth,0
2026-07-12,85.0,63.2,block-d-02,oriental_fruit_moth,0
2026-07-12,85.0,63.2,block-d-03,codling_moth,0
2026-07-12,85.0,63.2,block-d-03,oriental_fruit_moth,0
2026-07-12,85.0,63.2,block-d-04,codling_moth,1
2026-07-12,85.0,63.2,block-d-04,oriental_fruit_moth,0
2026-07-12,85.0,63.2,block-e-01,codling_moth,0
2026-07-12,85.0,63.2,block-e-01,oriental_fruit_moth,1
2026-07-12,85.0,63.2,block-e-02,codling_moth,0
2026-07-12,85.0,63.2,block-e-02,oriental_fruit_moth,0
2026-07-12,85.0,63.2,block-e-03,codling_moth,1
2026-07-12,85.0,63.2,block-e-03,oriental_fruit_moth,0
2026-07-12,85.0,63.2,block-e-04,codling_moth,0
2026-07-12,85.0,63.2,block-e-04,oriental_fruit_moth,0
2026-07-13,77.5,59.6,block-a-01,codling_moth,0
2026-07-13,77.5,59.6,block-a-01,oriental_fruit_moth,0
2026-07-13,77.5,59.6,block-a-02,codling_moth,0
2026-07-13,77.5,59.6,block-a-02,oriental_fruit_moth,1
2026-07-13,77.5,59.6,block-a-03,codling_moth,0
2026-07-13,77.5,59.6,block-a-03,oriental_fruit_moth,0
2026-07-13,77.5,59.6,block-a-04,codling_moth,0
2026-07-13,77.5,59.6,block-a-04,oriental_fruit_moth,0
2026-07-13,77.5,59.6,block-b-01,codling_moth,0
2026-07-13,77.5,59.6,block-b-01,oriental_fruit_moth,0
2026-07-13,77.5,59.6,block-b-02,codling_moth,1
2026-07-13,77.5,59.6,block-b-02,oriental_fruit_moth,1
2026-07-13,77.5,59.6,block-b-03,codling_moth,0
2026-07-13,77.5,59.6,block-b-03,oriental_fruit_moth,0
2026-07-13,77.5,59.6,block-b-04,codling_moth,0
2026-07-13,77.5,59.6,block-b-04,oriental_fruit_moth,0
2026-07-13,77.5,59.6,block-c-01,codling_moth,0
2026-07-13,77.5,59.6,block-c-01,oriental_fruit_moth,0
2026-07-13,77.5,59.6,block-c-02,codling_moth,0
2026-07-13,77.5,59.6,block-c-02,oriental_fruit_moth,2
2026-07-13,77.5,59.6,block-c-03,codling_moth,0
2026-07-13,77.5,59.6,block-c-03,oriental_fruit_moth,0
2026-07-13,77.5,59.6,block-c-04,codling_moth,0
2026-07-13,77.5,59.6,block-c-04,oriental_fruit_moth,1
2026-07-13,77.5,59.6,block-d-01,codling_moth,1
2026-07-13,77.5,59.6,block-d-01,oriental_fruit_moth,0
2026-07-13,77.5,59.6,block-d-02,codling_moth,1
2026-07-13,77.5,59.6,block-d-02,oriental_fruit_moth,0
2026-07-13,77.5,59.6,block-d-03,codling_moth,0
2026-07-13,77.5,59.6,block-d-03,oriental_fruit_moth,0
2026-07-13,77.5,59.6,block-d-04,codling_moth,0
2026-07-13,77.5,59.6,block-d-04,oriental_fruit_moth,1
2026-07-13,77.5,59.6,block-e-01,codling_moth,0
2026-07-13,77.5,59.6,block-e-01,oriental_fruit_moth,1
2026-07-13,77.5,59.6,block-e-02,codling_moth,0
2026-07-13,77.5,59.6,block-e-02,oriental_fruit_moth,0
2026-07-13,77.5,59.6,block-e-03,codling_moth,0
2026-07-13,77.5,59.6,block-e-03,oriental_fruit_moth,0
2026-07-13,77.5,59.6,block-e-04,codling_moth,0
2026-07-13,77.5,59.6,block-e-04,oriental_fruit_moth,0
2026-07-14,78.0,56.6,block-a-01,codling_moth,0
2026-07-14,78.0,56.6,block-a-01,oriental_fruit_moth,0
2026-07-14,78.0,56.6,block-a-02,codling_moth,0
2026-07-14,78.0,56.6,block-a-02,oriental_fruit_moth,2
2026-07-14,78.0,56.6,block-a-03,codling_moth,0
2026-07-14,78.0,56.6,block-a-03,oriental_fruit_moth,0
2026-07-14,78.0,56.6,block-a-04,codling_moth,0
2026-07-14,78.0,56.6,block-a-04,oriental_fruit_moth,0
2026-07-14,78.0,56.6,block-b-01,codling_moth,0
2026-07-14,78.0,56.6,block-b-01,oriental_fruit_moth,0
2026-07-14,78.0,56.6,block-b-02,codling_moth,0
2026-07-14,78.0,56.6,block-b-02,oriental_fruit_moth,1
2026-07-14,78.0,56.6,block-b-03,codling_moth,0
2026-07-14,78.0,56.6,block-b-03,oriental_fruit_moth,0
2026-07-14,78.0,56.6,block-b-04,codling_moth,0
2026-07-14,78.0,56.6,block-b-04,oriental_fruit_moth,0
2026-07-14,78.0,56.6,block-c-01,codling_moth,0
2026-07-14,78.0,56.6,block-c-01,oriental_fruit_moth,1
2026-07-14,78.0,56.6,block-c-02,codling_moth,1
2026-07-14,78.0,56.6,block-c-02,oriental_fruit_moth,0
2026-07-14,78.0,56.6,block-c-03,codling_moth,0
2026-07-14,78.0,56.6,block-c-03,oriental_fruit_moth,0
2026-07-14,78.0,56.6,block-c-04,codling_moth,0
2026-07-14,78.0,56.6,block-c-04,oriental_fruit_moth,2
2026-07-14,78.0,56.6,block-d-01,codling_moth,0
2026-07-14,78.0,56.6,block-d-01,oriental_fruit_moth,0
2026-07-14,78.0,56.6,block-d-02,codling_moth,0
2026-07-14,78.0,56.6,block-d-02,oriental_fruit_moth,0
2026-07-14,78.0,56.6,block-d-03,codling_moth,0
2026-07-14,78.0,56.6,block-d-03,oriental_fruit_moth,0
2026-07-14,78.0,56.6,block-d-04,codling_moth,0
2026-07-14,78.0,56.6,block-d-04,oriental_fruit_moth,1
2026-07-14,78.0,56.6,block-e-01,codling_moth,0
2026-07-14,78.0,56.6,block-e-01,oriental_fruit_moth,1
2026-07-14,78.0,56.6,block-e-02,codling_moth,1
2026-07-14,78.0,56.6,block-e-02,oriental_fruit_moth,1
2026-07-14,78.0,56.6,block-e-03,codling_moth,0
2026-07-14,78.0,56.6,block-e-03,oriental_fruit_moth,1
2026-07-14,78.0,56.6,block-e-04,codling_moth,0
2026-07-14,78.0,56.6,block-e-04,oriental_fruit_moth,0
